"year","period","periodName","latest","value","series_id","chr_code","item_code","footnote_code","footnote_text"
"2022","A01","Annual","true","583","CXUALCBEVGLB0401M","01","ALCBEVG",NA,NA
"2021","A01","Annual",NA,"554","CXUALCBEVGLB0401M","01","ALCBEVG",NA,NA
"2020","A01","Annual",NA,"478","CXUALCBEVGLB0401M","01","ALCBEVG",NA,NA
"2019","A01","Annual",NA,"579","CXUALCBEVGLB0401M","01","ALCBEVG",NA,NA
"2018","A01","Annual",NA,"583","CXUALCBEVGLB0401M","01","ALCBEVG",NA,NA
"2017","A01","Annual",NA,"558","CXUALCBEVGLB0401M","01","ALCBEVG",NA,NA
"2016","A01","Annual",NA,"484","CXUALCBEVGLB0401M","01","ALCBEVG",NA,NA
"2015","A01","Annual",NA,"515","CXUALCBEVGLB0401M","01","ALCBEVG",NA,NA
"2022","A01","Annual","true","394","CXUALCBEVGLB0402M","02","ALCBEVG",NA,NA
"2021","A01","Annual",NA,"346","CXUALCBEVGLB0402M","02","ALCBEVG",NA,NA
"2020","A01","Annual",NA,"225","CXUALCBEVGLB0402M","02","ALCBEVG",NA,NA
"2019","A01","Annual",NA,"327","CXUALCBEVGLB0402M","02","ALCBEVG",NA,NA
"2018","A01","Annual",NA,"271","CXUALCBEVGLB0402M","02","ALCBEVG",NA,NA
"2017","A01","Annual",NA,"317","CXUALCBEVGLB0402M","02","ALCBEVG",NA,NA
"2016","A01","Annual",NA,"230","CXUALCBEVGLB0402M","02","ALCBEVG",NA,NA
"2015","A01","Annual",NA,"250","CXUALCBEVGLB0402M","02","ALCBEVG",NA,NA
"2022","A01","Annual","true","622","CXUALCBEVGLB0403M","03","ALCBEVG",NA,NA
"2021","A01","Annual",NA,"663","CXUALCBEVGLB0403M","03","ALCBEVG",NA,NA
"2020","A01","Annual",NA,"481","CXUALCBEVGLB0403M","03","ALCBEVG",NA,NA
"2019","A01","Annual",NA,"525","CXUALCBEVGLB0403M","03","ALCBEVG",NA,NA
"2018","A01","Annual",NA,"633","CXUALCBEVGLB0403M","03","ALCBEVG",NA,NA
"2017","A01","Annual",NA,"573","CXUALCBEVGLB0403M","03","ALCBEVG",NA,NA
"2016","A01","Annual",NA,"539","CXUALCBEVGLB0403M","03","ALCBEVG",NA,NA
"2015","A01","Annual",NA,"543","CXUALCBEVGLB0403M","03","ALCBEVG",NA,NA
"2022","A01","Annual","true","688","CXUALCBEVGLB0404M","04","ALCBEVG",NA,NA
"2021","A01","Annual",NA,"596","CXUALCBEVGLB0404M","04","ALCBEVG",NA,NA
"2020","A01","Annual",NA,"551","CXUALCBEVGLB0404M","04","ALCBEVG",NA,NA
"2019","A01","Annual",NA,"544","CXUALCBEVGLB0404M","04","ALCBEVG",NA,NA
"2018","A01","Annual",NA,"725","CXUALCBEVGLB0404M","04","ALCBEVG",NA,NA
"2017","A01","Annual",NA,"624","CXUALCBEVGLB0404M","04","ALCBEVG",NA,NA
"2016","A01","Annual",NA,"538","CXUALCBEVGLB0404M","04","ALCBEVG",NA,NA
"2015","A01","Annual",NA,"697","CXUALCBEVGLB0404M","04","ALCBEVG",NA,NA
"2022","A01","Annual","true","604","CXUALCBEVGLB0405M","05","ALCBEVG",NA,NA
"2021","A01","Annual",NA,"610","CXUALCBEVGLB0405M","05","ALCBEVG",NA,NA
"2020","A01","Annual",NA,"547","CXUALCBEVGLB0405M","05","ALCBEVG",NA,NA
"2019","A01","Annual",NA,"722","CXUALCBEVGLB0405M","05","ALCBEVG",NA,NA
"2018","A01","Annual",NA,"656","CXUALCBEVGLB0405M","05","ALCBEVG",NA,NA
"2017","A01","Annual",NA,"633","CXUALCBEVGLB0405M","05","ALCBEVG",NA,NA
"2016","A01","Annual",NA,"563","CXUALCBEVGLB0405M","05","ALCBEVG",NA,NA
"2015","A01","Annual",NA,"547","CXUALCBEVGLB0405M","05","ALCBEVG",NA,NA
"2022","A01","Annual","true","661","CXUALCBEVGLB0406M","06","ALCBEVG",NA,NA
"2021","A01","Annual",NA,"591","CXUALCBEVGLB0406M","06","ALCBEVG",NA,NA
"2020","A01","Annual",NA,"563","CXUALCBEVGLB0406M","06","ALCBEVG",NA,NA
"2019","A01","Annual",NA,"714","CXUALCBEVGLB0406M","06","ALCBEVG",NA,NA
"2018","A01","Annual",NA,"629","CXUALCBEVGLB0406M","06","ALCBEVG",NA,NA
"2017","A01","Annual",NA,"620","CXUALCBEVGLB0406M","06","ALCBEVG",NA,NA
"2016","A01","Annual",NA,"541","CXUALCBEVGLB0406M","06","ALCBEVG",NA,NA
"2015","A01","Annual",NA,"574","CXUALCBEVGLB0406M","06","ALCBEVG",NA,NA
"2022","A01","Annual","true","469","CXUALCBEVGLB0407M","07","ALCBEVG",NA,NA
"2021","A01","Annual",NA,"439","CXUALCBEVGLB0407M","07","ALCBEVG",NA,NA
"2020","A01","Annual",NA,"363","CXUALCBEVGLB0407M","07","ALCBEVG",NA,NA
"2019","A01","Annual",NA,"501","CXUALCBEVGLB0407M","07","ALCBEVG",NA,NA
"2018","A01","Annual",NA,"446","CXUALCBEVGLB0407M","07","ALCBEVG",NA,NA
"2017","A01","Annual",NA,"459","CXUALCBEVGLB0407M","07","ALCBEVG",NA,NA
"2016","A01","Annual",NA,"370","CXUALCBEVGLB0407M","07","ALCBEVG",NA,NA
"2015","A01","Annual",NA,"362","CXUALCBEVGLB0407M","07","ALCBEVG",NA,NA
"2022","A01","Annual","true","573","CXUALCBEVGLB0408M","08","ALCBEVG",NA,NA
"2021","A01","Annual",NA,"526","CXUALCBEVGLB0408M","08","ALCBEVG",NA,NA
"2020","A01","Annual",NA,"462","CXUALCBEVGLB0408M","08","ALCBEVG",NA,NA
"2019","A01","Annual",NA,"614","CXUALCBEVGLB0408M","08","ALCBEVG",NA,NA
"2018","A01","Annual",NA,"573","CXUALCBEVGLB0408M","08","ALCBEVG",NA,NA
"2017","A01","Annual",NA,"542","CXUALCBEVGLB0408M","08","ALCBEVG",NA,NA
"2016","A01","Annual",NA,"412","CXUALCBEVGLB0408M","08","ALCBEVG",NA,NA
"2015","A01","Annual",NA,"451","CXUALCBEVGLB0408M","08","ALCBEVG",NA,NA
"2022","A01","Annual","true","320","CXUALCBEVGLB0409M","09","ALCBEVG",NA,NA
"2021","A01","Annual",NA,"311","CXUALCBEVGLB0409M","09","ALCBEVG",NA,NA
"2020","A01","Annual",NA,"217","CXUALCBEVGLB0409M","09","ALCBEVG",NA,NA
"2019","A01","Annual",NA,"341","CXUALCBEVGLB0409M","09","ALCBEVG",NA,NA
"2018","A01","Annual",NA,"263","CXUALCBEVGLB0409M","09","ALCBEVG",NA,NA
"2017","A01","Annual",NA,"339","CXUALCBEVGLB0409M","09","ALCBEVG",NA,NA
"2016","A01","Annual",NA,"315","CXUALCBEVGLB0409M","09","ALCBEVG",NA,NA
"2015","A01","Annual",NA,"244","CXUALCBEVGLB0409M","09","ALCBEVG",NA,NA
"2022","A01","Annual","true","1945","CXUAPPARELLB0401M","01","APPAREL",NA,NA
"2021","A01","Annual",NA,"1754","CXUAPPARELLB0401M","01","APPAREL",NA,NA
"2020","A01","Annual",NA,"1434","CXUAPPARELLB0401M","01","APPAREL",NA,NA
"2019","A01","Annual",NA,"1883","CXUAPPARELLB0401M","01","APPAREL",NA,NA
"2018","A01","Annual",NA,"1866","CXUAPPARELLB0401M","01","APPAREL",NA,NA
"2017","A01","Annual",NA,"1833","CXUAPPARELLB0401M","01","APPAREL",NA,NA
"2016","A01","Annual",NA,"1803","CXUAPPARELLB0401M","01","APPAREL",NA,NA
"2015","A01","Annual",NA,"1846","CXUAPPARELLB0401M","01","APPAREL",NA,NA
"2022","A01","Annual","true","1184","CXUAPPARELLB0402M","02","APPAREL",NA,NA
"2021","A01","Annual",NA,"1488","CXUAPPARELLB0402M","02","APPAREL",NA,NA
"2020","A01","Annual",NA,"1164","CXUAPPARELLB0402M","02","APPAREL",NA,NA
"2019","A01","Annual",NA,"1407","CXUAPPARELLB0402M","02","APPAREL",NA,NA
"2018","A01","Annual",NA,"1128","CXUAPPARELLB0402M","02","APPAREL",NA,NA
"2017","A01","Annual",NA,"1315","CXUAPPARELLB0402M","02","APPAREL",NA,NA
"2016","A01","Annual",NA,"1216","CXUAPPARELLB0402M","02","APPAREL",NA,NA
"2015","A01","Annual",NA,"1271","CXUAPPARELLB0402M","02","APPAREL",NA,NA
"2022","A01","Annual","true","2249","CXUAPPARELLB0403M","03","APPAREL",NA,NA
"2021","A01","Annual",NA,"2023","CXUAPPARELLB0403M","03","APPAREL",NA,NA
"2020","A01","Annual",NA,"1703","CXUAPPARELLB0403M","03","APPAREL",NA,NA
"2019","A01","Annual",NA,"1878","CXUAPPARELLB0403M","03","APPAREL",NA,NA
"2018","A01","Annual",NA,"2126","CXUAPPARELLB0403M","03","APPAREL",NA,NA
"2017","A01","Annual",NA,"2042","CXUAPPARELLB0403M","03","APPAREL",NA,NA
"2016","A01","Annual",NA,"1942","CXUAPPARELLB0403M","03","APPAREL",NA,NA
"2015","A01","Annual",NA,"1864","CXUAPPARELLB0403M","03","APPAREL",NA,NA
"2022","A01","Annual","true","2632","CXUAPPARELLB0404M","04","APPAREL",NA,NA
"2021","A01","Annual",NA,"2302","CXUAPPARELLB0404M","04","APPAREL",NA,NA
"2020","A01","Annual",NA,"2010","CXUAPPARELLB0404M","04","APPAREL",NA,NA
"2019","A01","Annual",NA,"2488","CXUAPPARELLB0404M","04","APPAREL",NA,NA
"2018","A01","Annual",NA,"2421","CXUAPPARELLB0404M","04","APPAREL",NA,NA
"2017","A01","Annual",NA,"2377","CXUAPPARELLB0404M","04","APPAREL",NA,NA
"2016","A01","Annual",NA,"2508","CXUAPPARELLB0404M","04","APPAREL",NA,NA
"2015","A01","Annual",NA,"2584","CXUAPPARELLB0404M","04","APPAREL",NA,NA
"2022","A01","Annual","true","2600","CXUAPPARELLB0405M","05","APPAREL",NA,NA
"2021","A01","Annual",NA,"2252","CXUAPPARELLB0405M","05","APPAREL",NA,NA
"2020","A01","Annual",NA,"1884","CXUAPPARELLB0405M","05","APPAREL",NA,NA
"2019","A01","Annual",NA,"2380","CXUAPPARELLB0405M","05","APPAREL",NA,NA
"2018","A01","Annual",NA,"2325","CXUAPPARELLB0405M","05","APPAREL",NA,NA
"2017","A01","Annual",NA,"2308","CXUAPPARELLB0405M","05","APPAREL",NA,NA
"2016","A01","Annual",NA,"2332","CXUAPPARELLB0405M","05","APPAREL",NA,NA
"2015","A01","Annual",NA,"2605","CXUAPPARELLB0405M","05","APPAREL",NA,NA
"2022","A01","Annual","true","1830","CXUAPPARELLB0406M","06","APPAREL",NA,NA
"2021","A01","Annual",NA,"1742","CXUAPPARELLB0406M","06","APPAREL",NA,NA
"2020","A01","Annual",NA,"1208","CXUAPPARELLB0406M","06","APPAREL",NA,NA
"2019","A01","Annual",NA,"1828","CXUAPPARELLB0406M","06","APPAREL",NA,NA
"2018","A01","Annual",NA,"1837","CXUAPPARELLB0406M","06","APPAREL",NA,NA
"2017","A01","Annual",NA,"1720","CXUAPPARELLB0406M","06","APPAREL",NA,NA
"2016","A01","Annual",NA,"1661","CXUAPPARELLB0406M","06","APPAREL",NA,NA
"2015","A01","Annual",NA,"1596","CXUAPPARELLB0406M","06","APPAREL",NA,NA
"2022","A01","Annual","true","1130","CXUAPPARELLB0407M","07","APPAREL",NA,NA
"2021","A01","Annual",NA,"986","CXUAPPARELLB0407M","07","APPAREL",NA,NA
"2020","A01","Annual",NA,"821","CXUAPPARELLB0407M","07","APPAREL",NA,NA
"2019","A01","Annual",NA,"1305","CXUAPPARELLB0407M","07","APPAREL",NA,NA
"2018","A01","Annual",NA,"1207","CXUAPPARELLB0407M","07","APPAREL",NA,NA
"2017","A01","Annual",NA,"1193","CXUAPPARELLB0407M","07","APPAREL",NA,NA
"2016","A01","Annual",NA,"1070","CXUAPPARELLB0407M","07","APPAREL",NA,NA
"2015","A01","Annual",NA,"1060","CXUAPPARELLB0407M","07","APPAREL",NA,NA
"2022","A01","Annual","true","1357","CXUAPPARELLB0408M","08","APPAREL",NA,NA
"2021","A01","Annual",NA,"1157","CXUAPPARELLB0408M","08","APPAREL",NA,NA
"2020","A01","Annual",NA,"960","CXUAPPARELLB0408M","08","APPAREL",NA,NA
"2019","A01","Annual",NA,"1497","CXUAPPARELLB0408M","08","APPAREL",NA,NA
"2018","A01","Annual",NA,"1460","CXUAPPARELLB0408M","08","APPAREL",NA,NA
"2017","A01","Annual",NA,"1420","CXUAPPARELLB0408M","08","APPAREL",NA,NA
"2016","A01","Annual",NA,"1265","CXUAPPARELLB0408M","08","APPAREL",NA,NA
"2015","A01","Annual",NA,"1331","CXUAPPARELLB0408M","08","APPAREL",NA,NA
"2022","A01","Annual","true","801","CXUAPPARELLB0409M","09","APPAREL",NA,NA
"2021","A01","Annual",NA,"737","CXUAPPARELLB0409M","09","APPAREL",NA,NA
"2020","A01","Annual",NA,"617","CXUAPPARELLB0409M","09","APPAREL",NA,NA
"2019","A01","Annual",NA,"1035","CXUAPPARELLB0409M","09","APPAREL",NA,NA
"2018","A01","Annual",NA,"842","CXUAPPARELLB0409M","09","APPAREL",NA,NA
"2017","A01","Annual",NA,"866","CXUAPPARELLB0409M","09","APPAREL",NA,NA
"2016","A01","Annual",NA,"807","CXUAPPARELLB0409M","09","APPAREL",NA,NA
"2015","A01","Annual",NA,"698","CXUAPPARELLB0409M","09","APPAREL",NA,NA
"2022","A01","Annual","true","2755","CXUCASHCONTLB0401M","01","CASHCONT",NA,NA
"2021","A01","Annual",NA,"2415","CXUCASHCONTLB0401M","01","CASHCONT",NA,NA
"2020","A01","Annual",NA,"2283","CXUCASHCONTLB0401M","01","CASHCONT",NA,NA
"2019","A01","Annual",NA,"1995","CXUCASHCONTLB0401M","01","CASHCONT",NA,NA
"2018","A01","Annual",NA,"1888","CXUCASHCONTLB0401M","01","CASHCONT",NA,NA
"2017","A01","Annual",NA,"1873","CXUCASHCONTLB0401M","01","CASHCONT",NA,NA
"2016","A01","Annual",NA,"2081","CXUCASHCONTLB0401M","01","CASHCONT",NA,NA
"2015","A01","Annual",NA,"1819","CXUCASHCONTLB0401M","01","CASHCONT",NA,NA
"2022","A01","Annual","true","-","CXUCASHCONTLB0402M","02","CASHCONT","6","Data are suppressed due to the Relative Standard Error (RSE) being equal to or greater than 25 percent. See www.bls.gov/cex/tables-getting-started-guide.htm for more information."
"2021","A01","Annual",NA,"724","CXUCASHCONTLB0402M","02","CASHCONT",NA,NA
"2020","A01","Annual",NA,"380","CXUCASHCONTLB0402M","02","CASHCONT",NA,NA
"2019","A01","Annual",NA,"428","CXUCASHCONTLB0402M","02","CASHCONT",NA,NA
"2018","A01","Annual",NA,"353","CXUCASHCONTLB0402M","02","CASHCONT",NA,NA
"2017","A01","Annual",NA,"299","CXUCASHCONTLB0402M","02","CASHCONT",NA,NA
"2016","A01","Annual",NA,"820","CXUCASHCONTLB0402M","02","CASHCONT",NA,NA
"2015","A01","Annual",NA,"397","CXUCASHCONTLB0402M","02","CASHCONT",NA,NA
"2022","A01","Annual","true","1003","CXUCASHCONTLB0403M","03","CASHCONT",NA,NA
"2021","A01","Annual",NA,"937","CXUCASHCONTLB0403M","03","CASHCONT",NA,NA
"2020","A01","Annual",NA,"833","CXUCASHCONTLB0403M","03","CASHCONT",NA,NA
"2019","A01","Annual",NA,"880","CXUCASHCONTLB0403M","03","CASHCONT",NA,NA
"2018","A01","Annual",NA,"828","CXUCASHCONTLB0403M","03","CASHCONT",NA,NA
"2017","A01","Annual",NA,"949","CXUCASHCONTLB0403M","03","CASHCONT",NA,NA
"2016","A01","Annual",NA,"1070","CXUCASHCONTLB0403M","03","CASHCONT",NA,NA
"2015","A01","Annual",NA,"874","CXUCASHCONTLB0403M","03","CASHCONT",NA,NA
"2022","A01","Annual","true","1733","CXUCASHCONTLB0404M","04","CASHCONT",NA,NA
"2021","A01","Annual",NA,"2216","CXUCASHCONTLB0404M","04","CASHCONT",NA,NA
"2020","A01","Annual",NA,"1912","CXUCASHCONTLB0404M","04","CASHCONT",NA,NA
"2019","A01","Annual",NA,"2146","CXUCASHCONTLB0404M","04","CASHCONT",NA,NA
"2018","A01","Annual",NA,"1681","CXUCASHCONTLB0404M","04","CASHCONT",NA,NA
"2017","A01","Annual",NA,"1580","CXUCASHCONTLB0404M","04","CASHCONT",NA,NA
"2016","A01","Annual",NA,"1596","CXUCASHCONTLB0404M","04","CASHCONT",NA,NA
"2015","A01","Annual",NA,"1664","CXUCASHCONTLB0404M","04","CASHCONT",NA,NA
"2022","A01","Annual","true","2888","CXUCASHCONTLB0405M","05","CASHCONT",NA,NA
"2021","A01","Annual",NA,"2521","CXUCASHCONTLB0405M","05","CASHCONT",NA,NA
"2020","A01","Annual",NA,"2141","CXUCASHCONTLB0405M","05","CASHCONT",NA,NA
"2019","A01","Annual",NA,"2125","CXUCASHCONTLB0405M","05","CASHCONT",NA,NA
"2018","A01","Annual",NA,"2221","CXUCASHCONTLB0405M","05","CASHCONT",NA,NA
"2017","A01","Annual",NA,"2218","CXUCASHCONTLB0405M","05","CASHCONT",NA,NA
"2016","A01","Annual",NA,"2369","CXUCASHCONTLB0405M","05","CASHCONT",NA,NA
"2015","A01","Annual",NA,"2395","CXUCASHCONTLB0405M","05","CASHCONT",NA,NA
"2022","A01","Annual","true","3089","CXUCASHCONTLB0406M","06","CASHCONT",NA,NA
"2021","A01","Annual",NA,"2861","CXUCASHCONTLB0406M","06","CASHCONT",NA,NA
"2020","A01","Annual",NA,"3161","CXUCASHCONTLB0406M","06","CASHCONT",NA,NA
"2019","A01","Annual",NA,"2372","CXUCASHCONTLB0406M","06","CASHCONT",NA,NA
"2018","A01","Annual",NA,"2164","CXUCASHCONTLB0406M","06","CASHCONT",NA,NA
"2017","A01","Annual",NA,"2357","CXUCASHCONTLB0406M","06","CASHCONT",NA,NA
"2016","A01","Annual",NA,"3010","CXUCASHCONTLB0406M","06","CASHCONT",NA,NA
"2015","A01","Annual",NA,"2066","CXUCASHCONTLB0406M","06","CASHCONT",NA,NA
"2022","A01","Annual","true","4443","CXUCASHCONTLB0407M","07","CASHCONT",NA,NA
"2021","A01","Annual",NA,"3341","CXUCASHCONTLB0407M","07","CASHCONT",NA,NA
"2020","A01","Annual",NA,"3119","CXUCASHCONTLB0407M","07","CASHCONT",NA,NA
"2019","A01","Annual",NA,"2564","CXUCASHCONTLB0407M","07","CASHCONT",NA,NA
"2018","A01","Annual",NA,"2625","CXUCASHCONTLB0407M","07","CASHCONT",NA,NA
"2017","A01","Annual",NA,"2430","CXUCASHCONTLB0407M","07","CASHCONT",NA,NA
"2016","A01","Annual",NA,"2429","CXUCASHCONTLB0407M","07","CASHCONT",NA,NA
"2015","A01","Annual",NA,"2287","CXUCASHCONTLB0407M","07","CASHCONT",NA,NA
"2022","A01","Annual","true","2811","CXUCASHCONTLB0408M","08","CASHCONT",NA,NA
"2021","A01","Annual",NA,"2855","CXUCASHCONTLB0408M","08","CASHCONT",NA,NA
"2020","A01","Annual",NA,"2983","CXUCASHCONTLB0408M","08","CASHCONT",NA,NA
"2019","A01","Annual",NA,"2586","CXUCASHCONTLB0408M","08","CASHCONT",NA,NA
"2018","A01","Annual",NA,"2755","CXUCASHCONTLB0408M","08","CASHCONT",NA,NA
"2017","A01","Annual",NA,"2275","CXUCASHCONTLB0408M","08","CASHCONT",NA,NA
"2016","A01","Annual",NA,"2082","CXUCASHCONTLB0408M","08","CASHCONT",NA,NA
"2015","A01","Annual",NA,"2273","CXUCASHCONTLB0408M","08","CASHCONT",NA,NA
"2022","A01","Annual","true","-","CXUCASHCONTLB0409M","09","CASHCONT","6","Data are suppressed due to the Relative Standard Error (RSE) being equal to or greater than 25 percent. See www.bls.gov/cex/tables-getting-started-guide.htm for more information."
"2021","A01","Annual",NA,"4060","CXUCASHCONTLB0409M","09","CASHCONT",NA,NA
"2020","A01","Annual",NA,"3308","CXUCASHCONTLB0409M","09","CASHCONT",NA,NA
"2019","A01","Annual",NA,"2536","CXUCASHCONTLB0409M","09","CASHCONT",NA,NA
"2018","A01","Annual",NA,"2440","CXUCASHCONTLB0409M","09","CASHCONT",NA,NA
"2017","A01","Annual",NA,"2648","CXUCASHCONTLB0409M","09","CASHCONT",NA,NA
"2016","A01","Annual",NA,"2915","CXUCASHCONTLB0409M","09","CASHCONT",NA,NA
"2015","A01","Annual",NA,"2306","CXUCASHCONTLB0409M","09","CASHCONT",NA,NA
"2022","A01","Annual","true","1335","CXUEDUCATNLB0401M","01","EDUCATN",NA,NA
"2021","A01","Annual",NA,"1226","CXUEDUCATNLB0401M","01","EDUCATN",NA,NA
"2020","A01","Annual",NA,"1271","CXUEDUCATNLB0401M","01","EDUCATN",NA,NA
"2019","A01","Annual",NA,"1443","CXUEDUCATNLB0401M","01","EDUCATN",NA,NA
"2018","A01","Annual",NA,"1407","CXUEDUCATNLB0401M","01","EDUCATN",NA,NA
"2017","A01","Annual",NA,"1491","CXUEDUCATNLB0401M","01","EDUCATN",NA,NA
"2016","A01","Annual",NA,"1329","CXUEDUCATNLB0401M","01","EDUCATN",NA,NA
"2015","A01","Annual",NA,"1315","CXUEDUCATNLB0401M","01","EDUCATN",NA,NA
"2022","A01","Annual","true","2960","CXUEDUCATNLB0402M","02","EDUCATN",NA,NA
"2021","A01","Annual",NA,"2096","CXUEDUCATNLB0402M","02","EDUCATN",NA,NA
"2020","A01","Annual",NA,"2264","CXUEDUCATNLB0402M","02","EDUCATN",NA,NA
"2019","A01","Annual",NA,"2993","CXUEDUCATNLB0402M","02","EDUCATN",NA,NA
"2018","A01","Annual",NA,"2270","CXUEDUCATNLB0402M","02","EDUCATN",NA,NA
"2017","A01","Annual",NA,"2333","CXUEDUCATNLB0402M","02","EDUCATN",NA,NA
"2016","A01","Annual",NA,"3106","CXUEDUCATNLB0402M","02","EDUCATN",NA,NA
"2015","A01","Annual",NA,"2572","CXUEDUCATNLB0402M","02","EDUCATN",NA,NA
"2022","A01","Annual","true","982","CXUEDUCATNLB0403M","03","EDUCATN",NA,NA
"2021","A01","Annual",NA,"1015","CXUEDUCATNLB0403M","03","EDUCATN",NA,NA
"2020","A01","Annual",NA,"1148","CXUEDUCATNLB0403M","03","EDUCATN",NA,NA
"2019","A01","Annual",NA,"1197","CXUEDUCATNLB0403M","03","EDUCATN",NA,NA
"2018","A01","Annual",NA,"1095","CXUEDUCATNLB0403M","03","EDUCATN",NA,NA
"2017","A01","Annual",NA,"1234","CXUEDUCATNLB0403M","03","EDUCATN",NA,NA
"2016","A01","Annual",NA,"1197","CXUEDUCATNLB0403M","03","EDUCATN",NA,NA
"2015","A01","Annual",NA,"1123","CXUEDUCATNLB0403M","03","EDUCATN",NA,NA
"2022","A01","Annual","true","1237","CXUEDUCATNLB0404M","04","EDUCATN",NA,NA
"2021","A01","Annual",NA,"1092","CXUEDUCATNLB0404M","04","EDUCATN",NA,NA
"2020","A01","Annual",NA,"1114","CXUEDUCATNLB0404M","04","EDUCATN",NA,NA
"2019","A01","Annual",NA,"1235","CXUEDUCATNLB0404M","04","EDUCATN",NA,NA
"2018","A01","Annual",NA,"1130","CXUEDUCATNLB0404M","04","EDUCATN",NA,NA
"2017","A01","Annual",NA,"1004","CXUEDUCATNLB0404M","04","EDUCATN",NA,NA
"2016","A01","Annual",NA,"1286","CXUEDUCATNLB0404M","04","EDUCATN",NA,NA
"2015","A01","Annual",NA,"1178","CXUEDUCATNLB0404M","04","EDUCATN",NA,NA
"2022","A01","Annual","true","2661","CXUEDUCATNLB0405M","05","EDUCATN",NA,NA
"2021","A01","Annual",NA,"2579","CXUEDUCATNLB0405M","05","EDUCATN",NA,NA
"2020","A01","Annual",NA,"2611","CXUEDUCATNLB0405M","05","EDUCATN",NA,NA
"2019","A01","Annual",NA,"2698","CXUEDUCATNLB0405M","05","EDUCATN",NA,NA
"2018","A01","Annual",NA,"2808","CXUEDUCATNLB0405M","05","EDUCATN",NA,NA
"2017","A01","Annual",NA,"3213","CXUEDUCATNLB0405M","05","EDUCATN",NA,NA
"2016","A01","Annual",NA,"2456","CXUEDUCATNLB0405M","05","EDUCATN",NA,NA
"2015","A01","Annual",NA,"2659","CXUEDUCATNLB0405M","05","EDUCATN",NA,NA
"2022","A01","Annual","true","1537","CXUEDUCATNLB0406M","06","EDUCATN",NA,NA
"2021","A01","Annual",NA,"1457","CXUEDUCATNLB0406M","06","EDUCATN",NA,NA
"2020","A01","Annual",NA,"1259","CXUEDUCATNLB0406M","06","EDUCATN",NA,NA
"2019","A01","Annual",NA,"1782","CXUEDUCATNLB0406M","06","EDUCATN",NA,NA
"2018","A01","Annual",NA,"1732","CXUEDUCATNLB0406M","06","EDUCATN",NA,NA
"2017","A01","Annual",NA,"1644","CXUEDUCATNLB0406M","06","EDUCATN",NA,NA
"2016","A01","Annual",NA,"1090","CXUEDUCATNLB0406M","06","EDUCATN",NA,NA
"2015","A01","Annual",NA,"1162","CXUEDUCATNLB0406M","06","EDUCATN",NA,NA
"2022","A01","Annual","true","373","CXUEDUCATNLB0407M","07","EDUCATN",NA,NA
"2021","A01","Annual",NA,"280","CXUEDUCATNLB0407M","07","EDUCATN",NA,NA
"2020","A01","Annual",NA,"450","CXUEDUCATNLB0407M","07","EDUCATN",NA,NA
"2019","A01","Annual",NA,"349","CXUEDUCATNLB0407M","07","EDUCATN",NA,NA
"2018","A01","Annual",NA,"375","CXUEDUCATNLB0407M","07","EDUCATN",NA,NA
"2017","A01","Annual",NA,"388","CXUEDUCATNLB0407M","07","EDUCATN",NA,NA
"2016","A01","Annual",NA,"350","CXUEDUCATNLB0407M","07","EDUCATN",NA,NA
"2015","A01","Annual",NA,"263","CXUEDUCATNLB0407M","07","EDUCATN",NA,NA
"2022","A01","Annual","true","-","CXUEDUCATNLB0408M","08","EDUCATN","6","Data are suppressed due to the Relative Standard Error (RSE) being equal to or greater than 25 percent. See www.bls.gov/cex/tables-getting-started-guide.htm for more information."
"2021","A01","Annual",NA,"249","CXUEDUCATNLB0408M","08","EDUCATN",NA,NA
"2020","A01","Annual",NA,"416","CXUEDUCATNLB0408M","08","EDUCATN",NA,NA
"2019","A01","Annual",NA,"433","CXUEDUCATNLB0408M","08","EDUCATN",NA,NA
"2018","A01","Annual",NA,"504","CXUEDUCATNLB0408M","08","EDUCATN",NA,NA
"2017","A01","Annual",NA,"477","CXUEDUCATNLB0408M","08","EDUCATN",NA,NA
"2016","A01","Annual",NA,"503","CXUEDUCATNLB0408M","08","EDUCATN",NA,NA
"2015","A01","Annual",NA,"294","CXUEDUCATNLB0408M","08","EDUCATN",NA,NA
"2022","A01","Annual","true","-","CXUEDUCATNLB0409M","09","EDUCATN","6","Data are suppressed due to the Relative Standard Error (RSE) being equal to or greater than 25 percent. See www.bls.gov/cex/tables-getting-started-guide.htm for more information."
"2021","A01","Annual",NA,"325","CXUEDUCATNLB0409M","09","EDUCATN",NA,NA
"2020","A01","Annual",NA,"497","CXUEDUCATNLB0409M","09","EDUCATN",NA,NA
"2019","A01","Annual",NA,"237","CXUEDUCATNLB0409M","09","EDUCATN",NA,NA
"2018","A01","Annual",NA,"194","CXUEDUCATNLB0409M","09","EDUCATN",NA,NA
"2017","A01","Annual",NA,"262","CXUEDUCATNLB0409M","09","EDUCATN",NA,NA
"2016","A01","Annual",NA,"138","CXUEDUCATNLB0409M","09","EDUCATN",NA,NA
"2015","A01","Annual",NA,"221","CXUEDUCATNLB0409M","09","EDUCATN",NA,NA
"2022","A01","Annual","true","3458","CXUENTRTAINLB0401M","01","ENTRTAIN",NA,NA
"2021","A01","Annual",NA,"3568","CXUENTRTAINLB0401M","01","ENTRTAIN",NA,NA
"2020","A01","Annual",NA,"2909","CXUENTRTAINLB0401M","01","ENTRTAIN",NA,NA
"2019","A01","Annual",NA,"3090","CXUENTRTAINLB0401M","01","ENTRTAIN",NA,NA
"2018","A01","Annual",NA,"3226","CXUENTRTAINLB0401M","01","ENTRTAIN",NA,NA
"2017","A01","Annual",NA,"3203","CXUENTRTAINLB0401M","01","ENTRTAIN",NA,NA
"2016","A01","Annual",NA,"2913","CXUENTRTAINLB0401M","01","ENTRTAIN",NA,NA
"2015","A01","Annual",NA,"2842","CXUENTRTAINLB0401M","01","ENTRTAIN",NA,NA
"2022","A01","Annual","true","2075","CXUENTRTAINLB0402M","02","ENTRTAIN",NA,NA
"2021","A01","Annual",NA,"1700","CXUENTRTAINLB0402M","02","ENTRTAIN",NA,NA
"2020","A01","Annual",NA,"1266","CXUENTRTAINLB0402M","02","ENTRTAIN",NA,NA
"2019","A01","Annual",NA,"1389","CXUENTRTAINLB0402M","02","ENTRTAIN",NA,NA
"2018","A01","Annual",NA,"1409","CXUENTRTAINLB0402M","02","ENTRTAIN",NA,NA
"2017","A01","Annual",NA,"1488","CXUENTRTAINLB0402M","02","ENTRTAIN",NA,NA
"2016","A01","Annual",NA,"1454","CXUENTRTAINLB0402M","02","ENTRTAIN",NA,NA
"2015","A01","Annual",NA,"1354","CXUENTRTAINLB0402M","02","ENTRTAIN",NA,NA
"2022","A01","Annual","true","2884","CXUENTRTAINLB0403M","03","ENTRTAIN",NA,NA
"2021","A01","Annual",NA,"3198","CXUENTRTAINLB0403M","03","ENTRTAIN",NA,NA
"2020","A01","Annual",NA,"2570","CXUENTRTAINLB0403M","03","ENTRTAIN",NA,NA
"2019","A01","Annual",NA,"2395","CXUENTRTAINLB0403M","03","ENTRTAIN",NA,NA
"2018","A01","Annual",NA,"2547","CXUENTRTAINLB0403M","03","ENTRTAIN",NA,NA
"2017","A01","Annual",NA,"2644","CXUENTRTAINLB0403M","03","ENTRTAIN",NA,NA
"2016","A01","Annual",NA,"2564","CXUENTRTAINLB0403M","03","ENTRTAIN",NA,NA
"2015","A01","Annual",NA,"2475","CXUENTRTAINLB0403M","03","ENTRTAIN",NA,NA
"2022","A01","Annual","true","4361","CXUENTRTAINLB0404M","04","ENTRTAIN",NA,NA
"2021","A01","Annual",NA,"4267","CXUENTRTAINLB0404M","04","ENTRTAIN",NA,NA
"2020","A01","Annual",NA,"3628","CXUENTRTAINLB0404M","04","ENTRTAIN",NA,NA
"2019","A01","Annual",NA,"3661","CXUENTRTAINLB0404M","04","ENTRTAIN",NA,NA
"2018","A01","Annual",NA,"3572","CXUENTRTAINLB0404M","04","ENTRTAIN",NA,NA
"2017","A01","Annual",NA,"4001","CXUENTRTAINLB0404M","04","ENTRTAIN",NA,NA
"2016","A01","Annual",NA,"3509","CXUENTRTAINLB0404M","04","ENTRTAIN",NA,NA
"2015","A01","Annual",NA,"3192","CXUENTRTAINLB0404M","04","ENTRTAIN",NA,NA
"2022","A01","Annual","true","4481","CXUENTRTAINLB0405M","05","ENTRTAIN",NA,NA
"2021","A01","Annual",NA,"4695","CXUENTRTAINLB0405M","05","ENTRTAIN",NA,NA
"2020","A01","Annual",NA,"3175","CXUENTRTAINLB0405M","05","ENTRTAIN",NA,NA
"2019","A01","Annual",NA,"3856","CXUENTRTAINLB0405M","05","ENTRTAIN",NA,NA
"2018","A01","Annual",NA,"3952","CXUENTRTAINLB0405M","05","ENTRTAIN",NA,NA
"2017","A01","Annual",NA,"4064","CXUENTRTAINLB0405M","05","ENTRTAIN",NA,NA
"2016","A01","Annual",NA,"3654","CXUENTRTAINLB0405M","05","ENTRTAIN",NA,NA
"2015","A01","Annual",NA,"3317","CXUENTRTAINLB0405M","05","ENTRTAIN",NA,NA
"2022","A01","Annual","true","3698","CXUENTRTAINLB0406M","06","ENTRTAIN",NA,NA
"2021","A01","Annual",NA,"3700","CXUENTRTAINLB0406M","06","ENTRTAIN",NA,NA
"2020","A01","Annual",NA,"3521","CXUENTRTAINLB0406M","06","ENTRTAIN",NA,NA
"2019","A01","Annual",NA,"3981","CXUENTRTAINLB0406M","06","ENTRTAIN",NA,NA
"2018","A01","Annual",NA,"3755","CXUENTRTAINLB0406M","06","ENTRTAIN",NA,NA
"2017","A01","Annual",NA,"3444","CXUENTRTAINLB0406M","06","ENTRTAIN",NA,NA
"2016","A01","Annual",NA,"3114","CXUENTRTAINLB0406M","06","ENTRTAIN",NA,NA
"2015","A01","Annual",NA,"3323","CXUENTRTAINLB0406M","06","ENTRTAIN",NA,NA
"2022","A01","Annual","true","2672","CXUENTRTAINLB0407M","07","ENTRTAIN",NA,NA
"2021","A01","Annual",NA,"2889","CXUENTRTAINLB0407M","07","ENTRTAIN",NA,NA
"2020","A01","Annual",NA,"2281","CXUENTRTAINLB0407M","07","ENTRTAIN",NA,NA
"2019","A01","Annual",NA,"2381","CXUENTRTAINLB0407M","07","ENTRTAIN",NA,NA
"2018","A01","Annual",NA,"2958","CXUENTRTAINLB0407M","07","ENTRTAIN",NA,NA
"2017","A01","Annual",NA,"2636","CXUENTRTAINLB0407M","07","ENTRTAIN",NA,NA
"2016","A01","Annual",NA,"2365","CXUENTRTAINLB0407M","07","ENTRTAIN",NA,NA
"2015","A01","Annual",NA,"2464","CXUENTRTAINLB0407M","07","ENTRTAIN",NA,NA
"2022","A01","Annual","true","3182","CXUENTRTAINLB0408M","08","ENTRTAIN",NA,NA
"2021","A01","Annual",NA,"3412","CXUENTRTAINLB0408M","08","ENTRTAIN",NA,NA
"2020","A01","Annual",NA,"2723","CXUENTRTAINLB0408M","08","ENTRTAIN",NA,NA
"2019","A01","Annual",NA,"2700","CXUENTRTAINLB0408M","08","ENTRTAIN",NA,NA
"2018","A01","Annual",NA,"3801","CXUENTRTAINLB0408M","08","ENTRTAIN",NA,NA
"2017","A01","Annual",NA,"3327","CXUENTRTAINLB0408M","08","ENTRTAIN",NA,NA
"2016","A01","Annual",NA,"2850","CXUENTRTAINLB0408M","08","ENTRTAIN",NA,NA
"2015","A01","Annual",NA,"3005","CXUENTRTAINLB0408M","08","ENTRTAIN",NA,NA
"2022","A01","Annual","true","1943","CXUENTRTAINLB0409M","09","ENTRTAIN",NA,NA
"2021","A01","Annual",NA,"2119","CXUENTRTAINLB0409M","09","ENTRTAIN",NA,NA
"2020","A01","Annual",NA,"1653","CXUENTRTAINLB0409M","09","ENTRTAIN",NA,NA
"2019","A01","Annual",NA,"1946","CXUENTRTAINLB0409M","09","ENTRTAIN",NA,NA
"2018","A01","Annual",NA,"1763","CXUENTRTAINLB0409M","09","ENTRTAIN",NA,NA
"2017","A01","Annual",NA,"1657","CXUENTRTAINLB0409M","09","ENTRTAIN",NA,NA
"2016","A01","Annual",NA,"1697","CXUENTRTAINLB0409M","09","ENTRTAIN",NA,NA
"2015","A01","Annual",NA,"1728","CXUENTRTAINLB0409M","09","ENTRTAIN",NA,NA
"2022","A01","Annual","true","9343","CXUFOODTOTLLB0401M","01","FOODTOTL",NA,NA
"2021","A01","Annual",NA,"8289","CXUFOODTOTLLB0401M","01","FOODTOTL",NA,NA
"2020","A01","Annual",NA,"7310","CXUFOODTOTLLB0401M","01","FOODTOTL",NA,NA
"2019","A01","Annual",NA,"8169","CXUFOODTOTLLB0401M","01","FOODTOTL",NA,NA
"2018","A01","Annual",NA,"7923","CXUFOODTOTLLB0401M","01","FOODTOTL",NA,NA
"2017","A01","Annual",NA,"7729","CXUFOODTOTLLB0401M","01","FOODTOTL",NA,NA
"2016","A01","Annual",NA,"7203","CXUFOODTOTLLB0401M","01","FOODTOTL",NA,NA
"2015","A01","Annual",NA,"7023","CXUFOODTOTLLB0401M","01","FOODTOTL",NA,NA
"2022","A01","Annual","true","5898","CXUFOODTOTLLB0402M","02","FOODTOTL",NA,NA
"2021","A01","Annual",NA,"5566","CXUFOODTOTLLB0402M","02","FOODTOTL",NA,NA
"2020","A01","Annual",NA,"4526","CXUFOODTOTLLB0402M","02","FOODTOTL",NA,NA
"2019","A01","Annual",NA,"5835","CXUFOODTOTLLB0402M","02","FOODTOTL",NA,NA
"2018","A01","Annual",NA,"4748","CXUFOODTOTLLB0402M","02","FOODTOTL",NA,NA
"2017","A01","Annual",NA,"4759","CXUFOODTOTLLB0402M","02","FOODTOTL",NA,NA
"2016","A01","Annual",NA,"4551","CXUFOODTOTLLB0402M","02","FOODTOTL",NA,NA
"2015","A01","Annual",NA,"4890","CXUFOODTOTLLB0402M","02","FOODTOTL",NA,NA
"2022","A01","Annual","true","8914","CXUFOODTOTLLB0403M","03","FOODTOTL",NA,NA
"2021","A01","Annual",NA,"7942","CXUFOODTOTLLB0403M","03","FOODTOTL",NA,NA
"2020","A01","Annual",NA,"7048","CXUFOODTOTLLB0403M","03","FOODTOTL",NA,NA
"2019","A01","Annual",NA,"7370","CXUFOODTOTLLB0403M","03","FOODTOTL",NA,NA
"2018","A01","Annual",NA,"7343","CXUFOODTOTLLB0403M","03","FOODTOTL",NA,NA
"2017","A01","Annual",NA,"7390","CXUFOODTOTLLB0403M","03","FOODTOTL",NA,NA
"2016","A01","Annual",NA,"6914","CXUFOODTOTLLB0403M","03","FOODTOTL",NA,NA
"2015","A01","Annual",NA,"6636","CXUFOODTOTLLB0403M","03","FOODTOTL",NA,NA
"2022","A01","Annual","true","11023","CXUFOODTOTLLB0404M","04","FOODTOTL",NA,NA
"2021","A01","Annual",NA,"9806","CXUFOODTOTLLB0404M","04","FOODTOTL",NA,NA
"2020","A01","Annual",NA,"9337","CXUFOODTOTLLB0404M","04","FOODTOTL",NA,NA
"2019","A01","Annual",NA,"9760","CXUFOODTOTLLB0404M","04","FOODTOTL",NA,NA
"2018","A01","Annual",NA,"9820","CXUFOODTOTLLB0404M","04","FOODTOTL",NA,NA
"2017","A01","Annual",NA,"9376","CXUFOODTOTLLB0404M","04","FOODTOTL",NA,NA
"2016","A01","Annual",NA,"8700","CXUFOODTOTLLB0404M","04","FOODTOTL",NA,NA
"2015","A01","Annual",NA,"8844","CXUFOODTOTLLB0404M","04","FOODTOTL",NA,NA
"2022","A01","Annual","true","11827","CXUFOODTOTLLB0405M","05","FOODTOTL",NA,NA
"2021","A01","Annual",NA,"10619","CXUFOODTOTLLB0405M","05","FOODTOTL",NA,NA
"2020","A01","Annual",NA,"8783","CXUFOODTOTLLB0405M","05","FOODTOTL",NA,NA
"2019","A01","Annual",NA,"10076","CXUFOODTOTLLB0405M","05","FOODTOTL",NA,NA
"2018","A01","Annual",NA,"9532","CXUFOODTOTLLB0405M","05","FOODTOTL",NA,NA
"2017","A01","Annual",NA,"9270","CXUFOODTOTLLB0405M","05","FOODTOTL",NA,NA
"2016","A01","Annual",NA,"8790","CXUFOODTOTLLB0405M","05","FOODTOTL",NA,NA
"2015","A01","Annual",NA,"8406","CXUFOODTOTLLB0405M","05","FOODTOTL",NA,NA
"2022","A01","Annual","true","9791","CXUFOODTOTLLB0406M","06","FOODTOTL",NA,NA
"2021","A01","Annual",NA,"8419","CXUFOODTOTLLB0406M","06","FOODTOTL",NA,NA
"2020","A01","Annual",NA,"7262","CXUFOODTOTLLB0406M","06","FOODTOTL",NA,NA
"2019","A01","Annual",NA,"8579","CXUFOODTOTLLB0406M","06","FOODTOTL",NA,NA
"2018","A01","Annual",NA,"8023","CXUFOODTOTLLB0406M","06","FOODTOTL",NA,NA
"2017","A01","Annual",NA,"7894","CXUFOODTOTLLB0406M","06","FOODTOTL",NA,NA
"2016","A01","Annual",NA,"7273","CXUFOODTOTLLB0406M","06","FOODTOTL",NA,NA
"2015","A01","Annual",NA,"6992","CXUFOODTOTLLB0406M","06","FOODTOTL",NA,NA
"2022","A01","Annual","true","7306","CXUFOODTOTLLB0407M","07","FOODTOTL",NA,NA
"2021","A01","Annual",NA,"6490","CXUFOODTOTLLB0407M","07","FOODTOTL",NA,NA
"2020","A01","Annual",NA,"5698","CXUFOODTOTLLB0407M","07","FOODTOTL",NA,NA
"2019","A01","Annual",NA,"6599","CXUFOODTOTLLB0407M","07","FOODTOTL",NA,NA
"2018","A01","Annual",NA,"6607","CXUFOODTOTLLB0407M","07","FOODTOTL",NA,NA
"2017","A01","Annual",NA,"6326","CXUFOODTOTLLB0407M","07","FOODTOTL",NA,NA
"2016","A01","Annual",NA,"5804","CXUFOODTOTLLB0407M","07","FOODTOTL",NA,NA
"2015","A01","Annual",NA,"5506","CXUFOODTOTLLB0407M","07","FOODTOTL",NA,NA
"2022","A01","Annual","true","8198","CXUFOODTOTLLB0408M","08","FOODTOTL",NA,NA
"2021","A01","Annual",NA,"7052","CXUFOODTOTLLB0408M","08","FOODTOTL",NA,NA
"2020","A01","Annual",NA,"6288","CXUFOODTOTLLB0408M","08","FOODTOTL",NA,NA
"2019","A01","Annual",NA,"7305","CXUFOODTOTLLB0408M","08","FOODTOTL",NA,NA
"2018","A01","Annual",NA,"7311","CXUFOODTOTLLB0408M","08","FOODTOTL",NA,NA
"2017","A01","Annual",NA,"6818","CXUFOODTOTLLB0408M","08","FOODTOTL",NA,NA
"2016","A01","Annual",NA,"6600","CXUFOODTOTLLB0408M","08","FOODTOTL",NA,NA
"2015","A01","Annual",NA,"6214","CXUFOODTOTLLB0408M","08","FOODTOTL",NA,NA
"2022","A01","Annual","true","6020","CXUFOODTOTLLB0409M","09","FOODTOTL",NA,NA
"2021","A01","Annual",NA,"5669","CXUFOODTOTLLB0409M","09","FOODTOTL",NA,NA
"2020","A01","Annual",NA,"4829","CXUFOODTOTLLB0409M","09","FOODTOTL",NA,NA
"2019","A01","Annual",NA,"5597","CXUFOODTOTLLB0409M","09","FOODTOTL",NA,NA
"2018","A01","Annual",NA,"5592","CXUFOODTOTLLB0409M","09","FOODTOTL",NA,NA
"2017","A01","Annual",NA,"5621","CXUFOODTOTLLB0409M","09","FOODTOTL",NA,NA
"2016","A01","Annual",NA,"4729","CXUFOODTOTLLB0409M","09","FOODTOTL",NA,NA
"2015","A01","Annual",NA,"4561","CXUFOODTOTLLB0409M","09","FOODTOTL",NA,NA
"2022","A01","Annual","true","5850","CXUHEALTHLB0401M","01","HEALTH",NA,NA
"2021","A01","Annual",NA,"5452","CXUHEALTHLB0401M","01","HEALTH",NA,NA
"2020","A01","Annual",NA,"5177","CXUHEALTHLB0401M","01","HEALTH",NA,NA
"2019","A01","Annual",NA,"5193","CXUHEALTHLB0401M","01","HEALTH",NA,NA
"2018","A01","Annual",NA,"4968","CXUHEALTHLB0401M","01","HEALTH",NA,NA
"2017","A01","Annual",NA,"4928","CXUHEALTHLB0401M","01","HEALTH",NA,NA
"2016","A01","Annual",NA,"4612","CXUHEALTHLB0401M","01","HEALTH",NA,NA
"2015","A01","Annual",NA,"4342","CXUHEALTHLB0401M","01","HEALTH",NA,NA
"2022","A01","Annual","true","1353","CXUHEALTHLB0402M","02","HEALTH",NA,NA
"2021","A01","Annual",NA,"1367","CXUHEALTHLB0402M","02","HEALTH",NA,NA
"2020","A01","Annual",NA,"1350","CXUHEALTHLB0402M","02","HEALTH",NA,NA
"2019","A01","Annual",NA,"1510","CXUHEALTHLB0402M","02","HEALTH",NA,NA
"2018","A01","Annual",NA,"1206","CXUHEALTHLB0402M","02","HEALTH",NA,NA
"2017","A01","Annual",NA,"1547","CXUHEALTHLB0402M","02","HEALTH",NA,NA
"2016","A01","Annual",NA,"1162","CXUHEALTHLB0402M","02","HEALTH",NA,NA
"2015","A01","Annual",NA,"978","CXUHEALTHLB0402M","02","HEALTH",NA,NA
"2022","A01","Annual","true","3560","CXUHEALTHLB0403M","03","HEALTH",NA,NA
"2021","A01","Annual",NA,"3404","CXUHEALTHLB0403M","03","HEALTH",NA,NA
"2020","A01","Annual",NA,"3320","CXUHEALTHLB0403M","03","HEALTH",NA,NA
"2019","A01","Annual",NA,"3162","CXUHEALTHLB0403M","03","HEALTH",NA,NA
"2018","A01","Annual",NA,"3072","CXUHEALTHLB0403M","03","HEALTH",NA,NA
"2017","A01","Annual",NA,"3163","CXUHEALTHLB0403M","03","HEALTH",NA,NA
"2016","A01","Annual",NA,"2887","CXUHEALTHLB0403M","03","HEALTH",NA,NA
"2015","A01","Annual",NA,"2770","CXUHEALTHLB0403M","03","HEALTH",NA,NA
"2022","A01","Annual","true","5329","CXUHEALTHLB0404M","04","HEALTH",NA,NA
"2021","A01","Annual",NA,"5142","CXUHEALTHLB0404M","04","HEALTH",NA,NA
"2020","A01","Annual",NA,"4579","CXUHEALTHLB0404M","04","HEALTH",NA,NA
"2019","A01","Annual",NA,"4822","CXUHEALTHLB0404M","04","HEALTH",NA,NA
"2018","A01","Annual",NA,"4317","CXUHEALTHLB0404M","04","HEALTH",NA,NA
"2017","A01","Annual",NA,"4348","CXUHEALTHLB0404M","04","HEALTH",NA,NA
"2016","A01","Annual",NA,"4076","CXUHEALTHLB0404M","04","HEALTH",NA,NA
"2015","A01","Annual",NA,"3873","CXUHEALTHLB0404M","04","HEALTH",NA,NA
"2022","A01","Annual","true","6081","CXUHEALTHLB0405M","05","HEALTH",NA,NA
"2021","A01","Annual",NA,"5656","CXUHEALTHLB0405M","05","HEALTH",NA,NA
"2020","A01","Annual",NA,"5465","CXUHEALTHLB0405M","05","HEALTH",NA,NA
"2019","A01","Annual",NA,"5345","CXUHEALTHLB0405M","05","HEALTH",NA,NA
"2018","A01","Annual",NA,"5138","CXUHEALTHLB0405M","05","HEALTH",NA,NA
"2017","A01","Annual",NA,"4967","CXUHEALTHLB0405M","05","HEALTH",NA,NA
"2016","A01","Annual",NA,"4931","CXUHEALTHLB0405M","05","HEALTH",NA,NA
"2015","A01","Annual",NA,"4669","CXUHEALTHLB0405M","05","HEALTH",NA,NA
"2022","A01","Annual","true","6699","CXUHEALTHLB0406M","06","HEALTH",NA,NA
"2021","A01","Annual",NA,"6093","CXUHEALTHLB0406M","06","HEALTH",NA,NA
"2020","A01","Annual",NA,"5684","CXUHEALTHLB0406M","06","HEALTH",NA,NA
"2019","A01","Annual",NA,"5958","CXUHEALTHLB0406M","06","HEALTH",NA,NA
"2018","A01","Annual",NA,"5743","CXUHEALTHLB0406M","06","HEALTH",NA,NA
"2017","A01","Annual",NA,"5777","CXUHEALTHLB0406M","06","HEALTH",NA,NA
"2016","A01","Annual",NA,"5513","CXUHEALTHLB0406M","06","HEALTH",NA,NA
"2015","A01","Annual",NA,"5112","CXUHEALTHLB0406M","06","HEALTH",NA,NA
"2022","A01","Annual","true","7540","CXUHEALTHLB0407M","07","HEALTH",NA,NA
"2021","A01","Annual",NA,"7030","CXUHEALTHLB0407M","07","HEALTH",NA,NA
"2020","A01","Annual",NA,"6668","CXUHEALTHLB0407M","07","HEALTH",NA,NA
"2019","A01","Annual",NA,"6833","CXUHEALTHLB0407M","07","HEALTH",NA,NA
"2018","A01","Annual",NA,"6802","CXUHEALTHLB0407M","07","HEALTH",NA,NA
"2017","A01","Annual",NA,"6620","CXUHEALTHLB0407M","07","HEALTH",NA,NA
"2016","A01","Annual",NA,"5994","CXUHEALTHLB0407M","07","HEALTH",NA,NA
"2015","A01","Annual",NA,"5756","CXUHEALTHLB0407M","07","HEALTH",NA,NA
"2022","A01","Annual","true","7422","CXUHEALTHLB0408M","08","HEALTH",NA,NA
"2021","A01","Annual",NA,"6966","CXUHEALTHLB0408M","08","HEALTH",NA,NA
"2020","A01","Annual",NA,"6695","CXUHEALTHLB0408M","08","HEALTH",NA,NA
"2019","A01","Annual",NA,"6772","CXUHEALTHLB0408M","08","HEALTH",NA,NA
"2018","A01","Annual",NA,"6711","CXUHEALTHLB0408M","08","HEALTH",NA,NA
"2017","A01","Annual",NA,"6723","CXUHEALTHLB0408M","08","HEALTH",NA,NA
"2016","A01","Annual",NA,"6014","CXUHEALTHLB0408M","08","HEALTH",NA,NA
"2015","A01","Annual",NA,"5715","CXUHEALTHLB0408M","08","HEALTH",NA,NA
"2022","A01","Annual","true","7708","CXUHEALTHLB0409M","09","HEALTH",NA,NA
"2021","A01","Annual",NA,"7123","CXUHEALTHLB0409M","09","HEALTH",NA,NA
"2020","A01","Annual",NA,"6627","CXUHEALTHLB0409M","09","HEALTH",NA,NA
"2019","A01","Annual",NA,"6914","CXUHEALTHLB0409M","09","HEALTH",NA,NA
"2018","A01","Annual",NA,"6930","CXUHEALTHLB0409M","09","HEALTH",NA,NA
"2017","A01","Annual",NA,"6475","CXUHEALTHLB0409M","09","HEALTH",NA,NA
"2016","A01","Annual",NA,"5967","CXUHEALTHLB0409M","09","HEALTH",NA,NA
"2015","A01","Annual",NA,"5814","CXUHEALTHLB0409M","09","HEALTH",NA,NA
"2022","A01","Annual","true","24298","CXUHOUSINGLB0401M","01","HOUSING",NA,NA
"2021","A01","Annual",NA,"22624","CXUHOUSINGLB0401M","01","HOUSING",NA,NA
"2020","A01","Annual",NA,"21417","CXUHOUSINGLB0401M","01","HOUSING",NA,NA
"2019","A01","Annual",NA,"20679","CXUHOUSINGLB0401M","01","HOUSING",NA,NA
"2018","A01","Annual",NA,"20091","CXUHOUSINGLB0401M","01","HOUSING",NA,NA
"2017","A01","Annual",NA,"19884","CXUHOUSINGLB0401M","01","HOUSING",NA,NA
"2016","A01","Annual",NA,"18886","CXUHOUSINGLB0401M","01","HOUSING",NA,NA
"2015","A01","Annual",NA,"18409","CXUHOUSINGLB0401M","01","HOUSING",NA,NA
"2022","A01","Annual","true","16837","CXUHOUSINGLB0402M","02","HOUSING",NA,NA
"2021","A01","Annual",NA,"15677","CXUHOUSINGLB0402M","02","HOUSING",NA,NA
"2020","A01","Annual",NA,"14750","CXUHOUSINGLB0402M","02","HOUSING",NA,NA
"2019","A01","Annual",NA,"12741","CXUHOUSINGLB0402M","02","HOUSING",NA,NA
"2018","A01","Annual",NA,"11410","CXUHOUSINGLB0402M","02","HOUSING",NA,NA
"2017","A01","Annual",NA,"11255","CXUHOUSINGLB0402M","02","HOUSING",NA,NA
"2016","A01","Annual",NA,"11391","CXUHOUSINGLB0402M","02","HOUSING",NA,NA
"2015","A01","Annual",NA,"11328","CXUHOUSINGLB0402M","02","HOUSING",NA,NA
"2022","A01","Annual","true","24301","CXUHOUSINGLB0403M","03","HOUSING",NA,NA
"2021","A01","Annual",NA,"22641","CXUHOUSINGLB0403M","03","HOUSING",NA,NA
"2020","A01","Annual",NA,"21223","CXUHOUSINGLB0403M","03","HOUSING",NA,NA
"2019","A01","Annual",NA,"20499","CXUHOUSINGLB0403M","03","HOUSING",NA,NA
"2018","A01","Annual",NA,"19627","CXUHOUSINGLB0403M","03","HOUSING",NA,NA
"2017","A01","Annual",NA,"19927","CXUHOUSINGLB0403M","03","HOUSING",NA,NA
"2016","A01","Annual",NA,"18587","CXUHOUSINGLB0403M","03","HOUSING",NA,NA
"2015","A01","Annual",NA,"18305","CXUHOUSINGLB0403M","03","HOUSING",NA,NA
"2022","A01","Annual","true","28975","CXUHOUSINGLB0404M","04","HOUSING",NA,NA
"2021","A01","Annual",NA,"26342","CXUHOUSINGLB0404M","04","HOUSING",NA,NA
"2020","A01","Annual",NA,"26364","CXUHOUSINGLB0404M","04","HOUSING",NA,NA
"2019","A01","Annual",NA,"24683","CXUHOUSINGLB0404M","04","HOUSING",NA,NA
"2018","A01","Annual",NA,"23732","CXUHOUSINGLB0404M","04","HOUSING",NA,NA
"2017","A01","Annual",NA,"23805","CXUHOUSINGLB0404M","04","HOUSING",NA,NA
"2016","A01","Annual",NA,"22908","CXUHOUSINGLB0404M","04","HOUSING",NA,NA
"2015","A01","Annual",NA,"22204","CXUHOUSINGLB0404M","04","HOUSING",NA,NA
"2022","A01","Annual","true","28281","CXUHOUSINGLB0405M","05","HOUSING",NA,NA
"2021","A01","Annual",NA,"26508","CXUHOUSINGLB0405M","05","HOUSING",NA,NA
"2020","A01","Annual",NA,"24434","CXUHOUSINGLB0405M","05","HOUSING",NA,NA
"2019","A01","Annual",NA,"23876","CXUHOUSINGLB0405M","05","HOUSING",NA,NA
"2018","A01","Annual",NA,"23566","CXUHOUSINGLB0405M","05","HOUSING",NA,NA
"2017","A01","Annual",NA,"23205","CXUHOUSINGLB0405M","05","HOUSING",NA,NA
"2016","A01","Annual",NA,"22034","CXUHOUSINGLB0405M","05","HOUSING",NA,NA
"2015","A01","Annual",NA,"21160","CXUHOUSINGLB0405M","05","HOUSING",NA,NA
"2022","A01","Annual","true","24140","CXUHOUSINGLB0406M","06","HOUSING",NA,NA
"2021","A01","Annual",NA,"23007","CXUHOUSINGLB0406M","06","HOUSING",NA,NA
"2020","A01","Annual",NA,"21390","CXUHOUSINGLB0406M","06","HOUSING",NA,NA
"2019","A01","Annual",NA,"21192","CXUHOUSINGLB0406M","06","HOUSING",NA,NA
"2018","A01","Annual",NA,"20907","CXUHOUSINGLB0406M","06","HOUSING",NA,NA
"2017","A01","Annual",NA,"20127","CXUHOUSINGLB0406M","06","HOUSING",NA,NA
"2016","A01","Annual",NA,"18647","CXUHOUSINGLB0406M","06","HOUSING",NA,NA
"2015","A01","Annual",NA,"18188","CXUHOUSINGLB0406M","06","HOUSING",NA,NA
"2022","A01","Annual","true","20362","CXUHOUSINGLB0407M","07","HOUSING",NA,NA
"2021","A01","Annual",NA,"18872","CXUHOUSINGLB0407M","07","HOUSING",NA,NA
"2020","A01","Annual",NA,"17441","CXUHOUSINGLB0407M","07","HOUSING",NA,NA
"2019","A01","Annual",NA,"17472","CXUHOUSINGLB0407M","07","HOUSING",NA,NA
"2018","A01","Annual",NA,"16940","CXUHOUSINGLB0407M","07","HOUSING",NA,NA
"2017","A01","Annual",NA,"16668","CXUHOUSINGLB0407M","07","HOUSING",NA,NA
"2016","A01","Annual",NA,"15886","CXUHOUSINGLB0407M","07","HOUSING",NA,NA
"2015","A01","Annual",NA,"15529","CXUHOUSINGLB0407M","07","HOUSING",NA,NA
"2022","A01","Annual","true","21094","CXUHOUSINGLB0408M","08","HOUSING",NA,NA
"2021","A01","Annual",NA,"20078","CXUHOUSINGLB0408M","08","HOUSING",NA,NA
"2020","A01","Annual",NA,"18500","CXUHOUSINGLB0408M","08","HOUSING",NA,NA
"2019","A01","Annual",NA,"18709","CXUHOUSINGLB0408M","08","HOUSING",NA,NA
"2018","A01","Annual",NA,"18007","CXUHOUSINGLB0408M","08","HOUSING",NA,NA
"2017","A01","Annual",NA,"18068","CXUHOUSINGLB0408M","08","HOUSING",NA,NA
"2016","A01","Annual",NA,"16858","CXUHOUSINGLB0408M","08","HOUSING",NA,NA
"2015","A01","Annual",NA,"16465","CXUHOUSINGLB0408M","08","HOUSING",NA,NA
"2022","A01","Annual","true","19317","CXUHOUSINGLB0409M","09","HOUSING",NA,NA
"2021","A01","Annual",NA,"17098","CXUHOUSINGLB0409M","09","HOUSING",NA,NA
"2020","A01","Annual",NA,"15942","CXUHOUSINGLB0409M","09","HOUSING",NA,NA
"2019","A01","Annual",NA,"15806","CXUHOUSINGLB0409M","09","HOUSING",NA,NA
"2018","A01","Annual",NA,"15427","CXUHOUSINGLB0409M","09","HOUSING",NA,NA
"2017","A01","Annual",NA,"14692","CXUHOUSINGLB0409M","09","HOUSING",NA,NA
"2016","A01","Annual",NA,"14542","CXUHOUSINGLB0409M","09","HOUSING",NA,NA
"2015","A01","Annual",NA,"14253","CXUHOUSINGLB0409M","09","HOUSING",NA,NA
"2022","A01","Annual","true","8742","CXUINSPENSNLB0401M","01","INSPENSN",NA,NA
"2021","A01","Annual",NA,"7873","CXUINSPENSNLB0401M","01","INSPENSN",NA,NA
"2020","A01","Annual",NA,"7246","CXUINSPENSNLB0401M","01","INSPENSN",NA,NA
"2019","A01","Annual",NA,"7165","CXUINSPENSNLB0401M","01","INSPENSN",NA,NA
"2018","A01","Annual",NA,"7296","CXUINSPENSNLB0401M","01","INSPENSN",NA,NA
"2017","A01","Annual",NA,"6771","CXUINSPENSNLB0401M","01","INSPENSN",NA,NA
"2016","A01","Annual",NA,"6831","CXUINSPENSNLB0401M","01","INSPENSN",NA,NA
"2015","A01","Annual",NA,"6349","CXUINSPENSNLB0401M","01","INSPENSN",NA,NA
"2022","A01","Annual","true","4244","CXUINSPENSNLB0402M","02","INSPENSN",NA,NA
"2021","A01","Annual",NA,"4031","CXUINSPENSNLB0402M","02","INSPENSN",NA,NA
"2020","A01","Annual",NA,"3776","CXUINSPENSNLB0402M","02","INSPENSN",NA,NA
"2019","A01","Annual",NA,"3335","CXUINSPENSNLB0402M","02","INSPENSN",NA,NA
"2018","A01","Annual",NA,"2671","CXUINSPENSNLB0402M","02","INSPENSN",NA,NA
"2017","A01","Annual",NA,"2567","CXUINSPENSNLB0402M","02","INSPENSN",NA,NA
"2016","A01","Annual",NA,"3417","CXUINSPENSNLB0402M","02","INSPENSN",NA,NA
"2015","A01","Annual",NA,"2564","CXUINSPENSNLB0402M","02","INSPENSN",NA,NA
"2022","A01","Annual","true","9127","CXUINSPENSNLB0403M","03","INSPENSN",NA,NA
"2021","A01","Annual",NA,"8386","CXUINSPENSNLB0403M","03","INSPENSN",NA,NA
"2020","A01","Annual",NA,"7363","CXUINSPENSNLB0403M","03","INSPENSN",NA,NA
"2019","A01","Annual",NA,"7261","CXUINSPENSNLB0403M","03","INSPENSN",NA,NA
"2018","A01","Annual",NA,"7115","CXUINSPENSNLB0403M","03","INSPENSN",NA,NA
"2017","A01","Annual",NA,"6590","CXUINSPENSNLB0403M","03","INSPENSN",NA,NA
"2016","A01","Annual",NA,"6450","CXUINSPENSNLB0403M","03","INSPENSN",NA,NA
"2015","A01","Annual",NA,"6006","CXUINSPENSNLB0403M","03","INSPENSN",NA,NA
"2022","A01","Annual","true","12298","CXUINSPENSNLB0404M","04","INSPENSN",NA,NA
"2021","A01","Annual",NA,"11065","CXUINSPENSNLB0404M","04","INSPENSN",NA,NA
"2020","A01","Annual",NA,"9881","CXUINSPENSNLB0404M","04","INSPENSN",NA,NA
"2019","A01","Annual",NA,"9564","CXUINSPENSNLB0404M","04","INSPENSN",NA,NA
"2018","A01","Annual",NA,"9503","CXUINSPENSNLB0404M","04","INSPENSN",NA,NA
"2017","A01","Annual",NA,"8341","CXUINSPENSNLB0404M","04","INSPENSN",NA,NA
"2016","A01","Annual",NA,"8647","CXUINSPENSNLB0404M","04","INSPENSN",NA,NA
"2015","A01","Annual",NA,"7716","CXUINSPENSNLB0404M","04","INSPENSN",NA,NA
"2022","A01","Annual","true","13235","CXUINSPENSNLB0405M","05","INSPENSN",NA,NA
"2021","A01","Annual",NA,"11666","CXUINSPENSNLB0405M","05","INSPENSN",NA,NA
"2020","A01","Annual",NA,"10984","CXUINSPENSNLB0405M","05","INSPENSN",NA,NA
"2019","A01","Annual",NA,"10374","CXUINSPENSNLB0405M","05","INSPENSN",NA,NA
"2018","A01","Annual",NA,"10998","CXUINSPENSNLB0405M","05","INSPENSN",NA,NA
"2017","A01","Annual",NA,"9622","CXUINSPENSNLB0405M","05","INSPENSN",NA,NA
"2016","A01","Annual",NA,"10191","CXUINSPENSNLB0405M","05","INSPENSN",NA,NA
"2015","A01","Annual",NA,"9780","CXUINSPENSNLB0405M","05","INSPENSN",NA,NA
"2022","A01","Annual","true","10329","CXUINSPENSNLB0406M","06","INSPENSN",NA,NA
"2021","A01","Annual",NA,"9403","CXUINSPENSNLB0406M","06","INSPENSN",NA,NA
"2020","A01","Annual",NA,"8479","CXUINSPENSNLB0406M","06","INSPENSN",NA,NA
"2019","A01","Annual",NA,"9203","CXUINSPENSNLB0406M","06","INSPENSN",NA,NA
"2018","A01","Annual",NA,"8460","CXUINSPENSNLB0406M","06","INSPENSN",NA,NA
"2017","A01","Annual",NA,"8705","CXUINSPENSNLB0406M","06","INSPENSN",NA,NA
"2016","A01","Annual",NA,"8360","CXUINSPENSNLB0406M","06","INSPENSN",NA,NA
"2015","A01","Annual",NA,"7664","CXUINSPENSNLB0406M","06","INSPENSN",NA,NA
"2022","A01","Annual","true","3289","CXUINSPENSNLB0407M","07","INSPENSN",NA,NA
"2021","A01","Annual",NA,"2850","CXUINSPENSNLB0407M","07","INSPENSN",NA,NA
"2020","A01","Annual",NA,"2721","CXUINSPENSNLB0407M","07","INSPENSN",NA,NA
"2019","A01","Annual",NA,"2843","CXUINSPENSNLB0407M","07","INSPENSN",NA,NA
"2018","A01","Annual",NA,"3556","CXUINSPENSNLB0407M","07","INSPENSN",NA,NA
"2017","A01","Annual",NA,"3230","CXUINSPENSNLB0407M","07","INSPENSN",NA,NA
"2016","A01","Annual",NA,"2840","CXUINSPENSNLB0407M","07","INSPENSN",NA,NA
"2015","A01","Annual",NA,"2733","CXUINSPENSNLB0407M","07","INSPENSN",NA,NA
"2022","A01","Annual","true","4057","CXUINSPENSNLB0408M","08","INSPENSN",NA,NA
"2021","A01","Annual",NA,"3894","CXUINSPENSNLB0408M","08","INSPENSN",NA,NA
"2020","A01","Annual",NA,"3700","CXUINSPENSNLB0408M","08","INSPENSN",NA,NA
"2019","A01","Annual",NA,"3826","CXUINSPENSNLB0408M","08","INSPENSN",NA,NA
"2018","A01","Annual",NA,"4097","CXUINSPENSNLB0408M","08","INSPENSN",NA,NA
"2017","A01","Annual",NA,"4091","CXUINSPENSNLB0408M","08","INSPENSN",NA,NA
"2016","A01","Annual",NA,"3858","CXUINSPENSNLB0408M","08","INSPENSN",NA,NA
"2015","A01","Annual",NA,"3686","CXUINSPENSNLB0408M","08","INSPENSN",NA,NA
"2022","A01","Annual","true","2196","CXUINSPENSNLB0409M","09","INSPENSN",NA,NA
"2021","A01","Annual",NA,"1307","CXUINSPENSNLB0409M","09","INSPENSN",NA,NA
"2020","A01","Annual",NA,"1365","CXUINSPENSNLB0409M","09","INSPENSN",NA,NA
"2019","A01","Annual",NA,"1532","CXUINSPENSNLB0409M","09","INSPENSN",NA,NA
"2018","A01","Annual",NA,"2794","CXUINSPENSNLB0409M","09","INSPENSN",NA,NA
"2017","A01","Annual",NA,"2020","CXUINSPENSNLB0409M","09","INSPENSN",NA,NA
"2016","A01","Annual",NA,"1416","CXUINSPENSNLB0409M","09","INSPENSN",NA,NA
"2015","A01","Annual",NA,"1425","CXUINSPENSNLB0409M","09","INSPENSN",NA,NA
"2022","A01","Annual","true","1009","CXUMISCLB0401M","01","MISC",NA,NA
"2021","A01","Annual",NA,"986","CXUMISCLB0401M","01","MISC",NA,NA
"2020","A01","Annual",NA,"907","CXUMISCLB0401M","01","MISC",NA,NA
"2019","A01","Annual",NA,"899","CXUMISCLB0401M","01","MISC",NA,NA
"2018","A01","Annual",NA,"993","CXUMISCLB0401M","01","MISC",NA,NA
"2017","A01","Annual",NA,"1010","CXUMISCLB0401M","01","MISC",NA,NA
"2016","A01","Annual",NA,"959","CXUMISCLB0401M","01","MISC",NA,NA
"2015","A01","Annual",NA,"871","CXUMISCLB0401M","01","MISC",NA,NA
"2022","A01","Annual","true","-","CXUMISCLB0402M","02","MISC","6","Data are suppressed due to the Relative Standard Error (RSE) being equal to or greater than 25 percent. See www.bls.gov/cex/tables-getting-started-guide.htm for more information."
"2021","A01","Annual",NA,"285","CXUMISCLB0402M","02","MISC",NA,NA
"2020","A01","Annual",NA,"317","CXUMISCLB0402M","02","MISC",NA,NA
"2019","A01","Annual",NA,"312","CXUMISCLB0402M","02","MISC",NA,NA
"2018","A01","Annual",NA,"308","CXUMISCLB0402M","02","MISC",NA,NA
"2017","A01","Annual",NA,"358","CXUMISCLB0402M","02","MISC",NA,NA
"2016","A01","Annual",NA,"311","CXUMISCLB0402M","02","MISC",NA,NA
"2015","A01","Annual",NA,"198","CXUMISCLB0402M","02","MISC",NA,NA
"2022","A01","Annual","true","895","CXUMISCLB0403M","03","MISC",NA,NA
"2021","A01","Annual",NA,"779","CXUMISCLB0403M","03","MISC",NA,NA
"2020","A01","Annual",NA,"651","CXUMISCLB0403M","03","MISC",NA,NA
"2019","A01","Annual",NA,"672","CXUMISCLB0403M","03","MISC",NA,NA
"2018","A01","Annual",NA,"685","CXUMISCLB0403M","03","MISC",NA,NA
"2017","A01","Annual",NA,"669","CXUMISCLB0403M","03","MISC",NA,NA
"2016","A01","Annual",NA,"586","CXUMISCLB0403M","03","MISC",NA,NA
"2015","A01","Annual",NA,"628","CXUMISCLB0403M","03","MISC",NA,NA
"2022","A01","Annual","true","1020","CXUMISCLB0404M","04","MISC",NA,NA
"2021","A01","Annual",NA,"1222","CXUMISCLB0404M","04","MISC",NA,NA
"2020","A01","Annual",NA,"977","CXUMISCLB0404M","04","MISC",NA,NA
"2019","A01","Annual",NA,"944","CXUMISCLB0404M","04","MISC",NA,NA
"2018","A01","Annual",NA,"1065","CXUMISCLB0404M","04","MISC",NA,NA
"2017","A01","Annual",NA,"1083","CXUMISCLB0404M","04","MISC",NA,NA
"2016","A01","Annual",NA,"1052","CXUMISCLB0404M","04","MISC",NA,NA
"2015","A01","Annual",NA,"1142","CXUMISCLB0404M","04","MISC",NA,NA
"2022","A01","Annual","true","1215","CXUMISCLB0405M","05","MISC",NA,NA
"2021","A01","Annual",NA,"1435","CXUMISCLB0405M","05","MISC",NA,NA
"2020","A01","Annual",NA,"1094","CXUMISCLB0405M","05","MISC",NA,NA
"2019","A01","Annual",NA,"1095","CXUMISCLB0405M","05","MISC",NA,NA
"2018","A01","Annual",NA,"1182","CXUMISCLB0405M","05","MISC",NA,NA
"2017","A01","Annual",NA,"1202","CXUMISCLB0405M","05","MISC",NA,NA
"2016","A01","Annual",NA,"1403","CXUMISCLB0405M","05","MISC",NA,NA
"2015","A01","Annual",NA,"1041","CXUMISCLB0405M","05","MISC",NA,NA
"2022","A01","Annual","true","1161","CXUMISCLB0406M","06","MISC",NA,NA
"2021","A01","Annual",NA,"968","CXUMISCLB0406M","06","MISC",NA,NA
"2020","A01","Annual",NA,"990","CXUMISCLB0406M","06","MISC",NA,NA
"2019","A01","Annual",NA,"1174","CXUMISCLB0406M","06","MISC",NA,NA
"2018","A01","Annual",NA,"1176","CXUMISCLB0406M","06","MISC",NA,NA
"2017","A01","Annual",NA,"1214","CXUMISCLB0406M","06","MISC",NA,NA
"2016","A01","Annual",NA,"1127","CXUMISCLB0406M","06","MISC",NA,NA
"2015","A01","Annual",NA,"849","CXUMISCLB0406M","06","MISC",NA,NA
"2022","A01","Annual","true","943","CXUMISCLB0407M","07","MISC",NA,NA
"2021","A01","Annual",NA,"820","CXUMISCLB0407M","07","MISC",NA,NA
"2020","A01","Annual",NA,"921","CXUMISCLB0407M","07","MISC",NA,NA
"2019","A01","Annual",NA,"811","CXUMISCLB0407M","07","MISC",NA,NA
"2018","A01","Annual",NA,"1032","CXUMISCLB0407M","07","MISC",NA,NA
"2017","A01","Annual",NA,"1043","CXUMISCLB0407M","07","MISC",NA,NA
"2016","A01","Annual",NA,"827","CXUMISCLB0407M","07","MISC",NA,NA
"2015","A01","Annual",NA,"900","CXUMISCLB0407M","07","MISC",NA,NA
"2022","A01","Annual","true","929","CXUMISCLB0408M","08","MISC",NA,NA
"2021","A01","Annual",NA,"829","CXUMISCLB0408M","08","MISC",NA,NA
"2020","A01","Annual",NA,"1022","CXUMISCLB0408M","08","MISC",NA,NA
"2019","A01","Annual",NA,"860","CXUMISCLB0408M","08","MISC",NA,NA
"2018","A01","Annual",NA,"1058","CXUMISCLB0408M","08","MISC",NA,NA
"2017","A01","Annual",NA,"1168","CXUMISCLB0408M","08","MISC",NA,NA
"2016","A01","Annual",NA,"894","CXUMISCLB0408M","08","MISC",NA,NA
"2015","A01","Annual",NA,"989","CXUMISCLB0408M","08","MISC",NA,NA
"2022","A01","Annual","true","963","CXUMISCLB0409M","09","MISC",NA,NA
"2021","A01","Annual",NA,"805","CXUMISCLB0409M","09","MISC",NA,NA
"2020","A01","Annual",NA,"779","CXUMISCLB0409M","09","MISC",NA,NA
"2019","A01","Annual",NA,"745","CXUMISCLB0409M","09","MISC",NA,NA
"2018","A01","Annual",NA,"994","CXUMISCLB0409M","09","MISC",NA,NA
"2017","A01","Annual",NA,"869","CXUMISCLB0409M","09","MISC",NA,NA
"2016","A01","Annual",NA,"734","CXUMISCLB0409M","09","MISC",NA,NA
"2015","A01","Annual",NA,"779","CXUMISCLB0409M","09","MISC",NA,NA
"2022","A01","Annual","true","866","CXUPERSCARELB0401M","01","PERSCARE",NA,NA
"2021","A01","Annual",NA,"771","CXUPERSCARELB0401M","01","PERSCARE",NA,NA
"2020","A01","Annual",NA,"646","CXUPERSCARELB0401M","01","PERSCARE",NA,NA
"2019","A01","Annual",NA,"786","CXUPERSCARELB0401M","01","PERSCARE",NA,NA
"2018","A01","Annual",NA,"768","CXUPERSCARELB0401M","01","PERSCARE",NA,NA
"2017","A01","Annual",NA,"762","CXUPERSCARELB0401M","01","PERSCARE",NA,NA
"2016","A01","Annual",NA,"707","CXUPERSCARELB0401M","01","PERSCARE",NA,NA
"2015","A01","Annual",NA,"683","CXUPERSCARELB0401M","01","PERSCARE",NA,NA
"2022","A01","Annual","true","540","CXUPERSCARELB0402M","02","PERSCARE",NA,NA
"2021","A01","Annual",NA,"507","CXUPERSCARELB0402M","02","PERSCARE",NA,NA
"2020","A01","Annual",NA,"468","CXUPERSCARELB0402M","02","PERSCARE",NA,NA
"2019","A01","Annual",NA,"479","CXUPERSCARELB0402M","02","PERSCARE",NA,NA
"2018","A01","Annual",NA,"475","CXUPERSCARELB0402M","02","PERSCARE",NA,NA
"2017","A01","Annual",NA,"473","CXUPERSCARELB0402M","02","PERSCARE",NA,NA
"2016","A01","Annual",NA,"387","CXUPERSCARELB0402M","02","PERSCARE",NA,NA
"2015","A01","Annual",NA,"406","CXUPERSCARELB0402M","02","PERSCARE",NA,NA
"2022","A01","Annual","true","880","CXUPERSCARELB0403M","03","PERSCARE",NA,NA
"2021","A01","Annual",NA,"747","CXUPERSCARELB0403M","03","PERSCARE",NA,NA
"2020","A01","Annual",NA,"648","CXUPERSCARELB0403M","03","PERSCARE",NA,NA
"2019","A01","Annual",NA,"608","CXUPERSCARELB0403M","03","PERSCARE",NA,NA
"2018","A01","Annual",NA,"676","CXUPERSCARELB0403M","03","PERSCARE",NA,NA
"2017","A01","Annual",NA,"643","CXUPERSCARELB0403M","03","PERSCARE",NA,NA
"2016","A01","Annual",NA,"603","CXUPERSCARELB0403M","03","PERSCARE",NA,NA
"2015","A01","Annual",NA,"611","CXUPERSCARELB0403M","03","PERSCARE",NA,NA
"2022","A01","Annual","true","986","CXUPERSCARELB0404M","04","PERSCARE",NA,NA
"2021","A01","Annual",NA,"865","CXUPERSCARELB0404M","04","PERSCARE",NA,NA
"2020","A01","Annual",NA,"742","CXUPERSCARELB0404M","04","PERSCARE",NA,NA
"2019","A01","Annual",NA,"907","CXUPERSCARELB0404M","04","PERSCARE",NA,NA
"2018","A01","Annual",NA,"877","CXUPERSCARELB0404M","04","PERSCARE",NA,NA
"2017","A01","Annual",NA,"959","CXUPERSCARELB0404M","04","PERSCARE",NA,NA
"2016","A01","Annual",NA,"807","CXUPERSCARELB0404M","04","PERSCARE",NA,NA
"2015","A01","Annual",NA,"818","CXUPERSCARELB0404M","04","PERSCARE",NA,NA
"2022","A01","Annual","true","1050","CXUPERSCARELB0405M","05","PERSCARE",NA,NA
"2021","A01","Annual",NA,"962","CXUPERSCARELB0405M","05","PERSCARE",NA,NA
"2020","A01","Annual",NA,"834","CXUPERSCARELB0405M","05","PERSCARE",NA,NA
"2019","A01","Annual",NA,"1002","CXUPERSCARELB0405M","05","PERSCARE",NA,NA
"2018","A01","Annual",NA,"951","CXUPERSCARELB0405M","05","PERSCARE",NA,NA
"2017","A01","Annual",NA,"927","CXUPERSCARELB0405M","05","PERSCARE",NA,NA
"2016","A01","Annual",NA,"873","CXUPERSCARELB0405M","05","PERSCARE",NA,NA
"2015","A01","Annual",NA,"821","CXUPERSCARELB0405M","05","PERSCARE",NA,NA
"2022","A01","Annual","true","899","CXUPERSCARELB0406M","06","PERSCARE",NA,NA
"2021","A01","Annual",NA,"809","CXUPERSCARELB0406M","06","PERSCARE",NA,NA
"2020","A01","Annual",NA,"627","CXUPERSCARELB0406M","06","PERSCARE",NA,NA
"2019","A01","Annual",NA,"835","CXUPERSCARELB0406M","06","PERSCARE",NA,NA
"2018","A01","Annual",NA,"787","CXUPERSCARELB0406M","06","PERSCARE",NA,NA
"2017","A01","Annual",NA,"750","CXUPERSCARELB0406M","06","PERSCARE",NA,NA
"2016","A01","Annual",NA,"741","CXUPERSCARELB0406M","06","PERSCARE",NA,NA
"2015","A01","Annual",NA,"714","CXUPERSCARELB0406M","06","PERSCARE",NA,NA
"2022","A01","Annual","true","706","CXUPERSCARELB0407M","07","PERSCARE",NA,NA
"2021","A01","Annual",NA,"627","CXUPERSCARELB0407M","07","PERSCARE",NA,NA
"2020","A01","Annual",NA,"505","CXUPERSCARELB0407M","07","PERSCARE",NA,NA
"2019","A01","Annual",NA,"715","CXUPERSCARELB0407M","07","PERSCARE",NA,NA
"2018","A01","Annual",NA,"682","CXUPERSCARELB0407M","07","PERSCARE",NA,NA
"2017","A01","Annual",NA,"670","CXUPERSCARELB0407M","07","PERSCARE",NA,NA
"2016","A01","Annual",NA,"634","CXUPERSCARELB0407M","07","PERSCARE",NA,NA
"2015","A01","Annual",NA,"573","CXUPERSCARELB0407M","07","PERSCARE",NA,NA
"2022","A01","Annual","true","790","CXUPERSCARELB0408M","08","PERSCARE",NA,NA
"2021","A01","Annual",NA,"642","CXUPERSCARELB0408M","08","PERSCARE",NA,NA
"2020","A01","Annual",NA,"536","CXUPERSCARELB0408M","08","PERSCARE",NA,NA
"2019","A01","Annual",NA,"737","CXUPERSCARELB0408M","08","PERSCARE",NA,NA
"2018","A01","Annual",NA,"759","CXUPERSCARELB0408M","08","PERSCARE",NA,NA
"2017","A01","Annual",NA,"726","CXUPERSCARELB0408M","08","PERSCARE",NA,NA
"2016","A01","Annual",NA,"700","CXUPERSCARELB0408M","08","PERSCARE",NA,NA
"2015","A01","Annual",NA,"608","CXUPERSCARELB0408M","08","PERSCARE",NA,NA
"2022","A01","Annual","true","586","CXUPERSCARELB0409M","09","PERSCARE",NA,NA
"2021","A01","Annual",NA,"606","CXUPERSCARELB0409M","09","PERSCARE",NA,NA
"2020","A01","Annual",NA,"462","CXUPERSCARELB0409M","09","PERSCARE",NA,NA
"2019","A01","Annual",NA,"685","CXUPERSCARELB0409M","09","PERSCARE",NA,NA
"2018","A01","Annual",NA,"571","CXUPERSCARELB0409M","09","PERSCARE",NA,NA
"2017","A01","Annual",NA,"592","CXUPERSCARELB0409M","09","PERSCARE",NA,NA
"2016","A01","Annual",NA,"544","CXUPERSCARELB0409M","09","PERSCARE",NA,NA
"2015","A01","Annual",NA,"526","CXUPERSCARELB0409M","09","PERSCARE",NA,NA
"2022","A01","Annual","true","117","CXUREADINGLB0401M","01","READING",NA,NA
"2021","A01","Annual",NA,"114","CXUREADINGLB0401M","01","READING",NA,NA
"2020","A01","Annual",NA,"114","CXUREADINGLB0401M","01","READING",NA,NA
"2019","A01","Annual",NA,"92","CXUREADINGLB0401M","01","READING",NA,NA
"2018","A01","Annual",NA,"108","CXUREADINGLB0401M","01","READING",NA,NA
"2017","A01","Annual",NA,"110","CXUREADINGLB0401M","01","READING",NA,NA
"2016","A01","Annual",NA,"118","CXUREADINGLB0401M","01","READING",NA,NA
"2015","A01","Annual",NA,"114","CXUREADINGLB0401M","01","READING",NA,NA
"2022","A01","Annual","true","-","CXUREADINGLB0402M","02","READING","6","Data are suppressed due to the Relative Standard Error (RSE) being equal to or greater than 25 percent. See www.bls.gov/cex/tables-getting-started-guide.htm for more information."
"2021","A01","Annual",NA,"76","CXUREADINGLB0402M","02","READING",NA,NA
"2020","A01","Annual",NA,"51","CXUREADINGLB0402M","02","READING",NA,NA
"2019","A01","Annual",NA,"46","CXUREADINGLB0402M","02","READING",NA,NA
"2018","A01","Annual",NA,"35","CXUREADINGLB0402M","02","READING",NA,NA
"2017","A01","Annual",NA,"42","CXUREADINGLB0402M","02","READING",NA,NA
"2016","A01","Annual",NA,"43","CXUREADINGLB0402M","02","READING",NA,NA
"2015","A01","Annual",NA,"38","CXUREADINGLB0402M","02","READING",NA,NA
"2022","A01","Annual","true","100","CXUREADINGLB0403M","03","READING",NA,NA
"2021","A01","Annual",NA,"115","CXUREADINGLB0403M","03","READING",NA,NA
"2020","A01","Annual",NA,"85","CXUREADINGLB0403M","03","READING",NA,NA
"2019","A01","Annual",NA,"44","CXUREADINGLB0403M","03","READING",NA,NA
"2018","A01","Annual",NA,"66","CXUREADINGLB0403M","03","READING",NA,NA
"2017","A01","Annual",NA,"61","CXUREADINGLB0403M","03","READING",NA,NA
"2016","A01","Annual",NA,"69","CXUREADINGLB0403M","03","READING",NA,NA
"2015","A01","Annual",NA,"86","CXUREADINGLB0403M","03","READING",NA,NA
"2022","A01","Annual","true","107","CXUREADINGLB0404M","04","READING",NA,NA
"2021","A01","Annual",NA,"97","CXUREADINGLB0404M","04","READING",NA,NA
"2020","A01","Annual",NA,"101","CXUREADINGLB0404M","04","READING",NA,NA
"2019","A01","Annual",NA,"91","CXUREADINGLB0404M","04","READING",NA,NA
"2018","A01","Annual",NA,"107","CXUREADINGLB0404M","04","READING",NA,NA
"2017","A01","Annual",NA,"115","CXUREADINGLB0404M","04","READING",NA,NA
"2016","A01","Annual",NA,"94","CXUREADINGLB0404M","04","READING",NA,NA
"2015","A01","Annual",NA,"95","CXUREADINGLB0404M","04","READING",NA,NA
"2022","A01","Annual","true","105","CXUREADINGLB0405M","05","READING",NA,NA
"2021","A01","Annual",NA,"104","CXUREADINGLB0405M","05","READING",NA,NA
"2020","A01","Annual",NA,"116","CXUREADINGLB0405M","05","READING",NA,NA
"2019","A01","Annual",NA,"83","CXUREADINGLB0405M","05","READING",NA,NA
"2018","A01","Annual",NA,"100","CXUREADINGLB0405M","05","READING",NA,NA
"2017","A01","Annual",NA,"112","CXUREADINGLB0405M","05","READING",NA,NA
"2016","A01","Annual",NA,"136","CXUREADINGLB0405M","05","READING",NA,NA
"2015","A01","Annual",NA,"106","CXUREADINGLB0405M","05","READING",NA,NA
"2022","A01","Annual","true","108","CXUREADINGLB0406M","06","READING",NA,NA
"2021","A01","Annual",NA,"116","CXUREADINGLB0406M","06","READING",NA,NA
"2020","A01","Annual",NA,"101","CXUREADINGLB0406M","06","READING",NA,NA
"2019","A01","Annual",NA,"97","CXUREADINGLB0406M","06","READING",NA,NA
"2018","A01","Annual",NA,"101","CXUREADINGLB0406M","06","READING",NA,NA
"2017","A01","Annual",NA,"119","CXUREADINGLB0406M","06","READING",NA,NA
"2016","A01","Annual",NA,"121","CXUREADINGLB0406M","06","READING",NA,NA
"2015","A01","Annual",NA,"115","CXUREADINGLB0406M","06","READING",NA,NA
"2022","A01","Annual","true","152","CXUREADINGLB0407M","07","READING",NA,NA
"2021","A01","Annual",NA,"138","CXUREADINGLB0407M","07","READING",NA,NA
"2020","A01","Annual",NA,"157","CXUREADINGLB0407M","07","READING",NA,NA
"2019","A01","Annual",NA,"138","CXUREADINGLB0407M","07","READING",NA,NA
"2018","A01","Annual",NA,"165","CXUREADINGLB0407M","07","READING",NA,NA
"2017","A01","Annual",NA,"147","CXUREADINGLB0407M","07","READING",NA,NA
"2016","A01","Annual",NA,"173","CXUREADINGLB0407M","07","READING",NA,NA
"2015","A01","Annual",NA,"175","CXUREADINGLB0407M","07","READING",NA,NA
"2022","A01","Annual","true","147","CXUREADINGLB0408M","08","READING",NA,NA
"2021","A01","Annual",NA,"137","CXUREADINGLB0408M","08","READING",NA,NA
"2020","A01","Annual",NA,"131","CXUREADINGLB0408M","08","READING",NA,NA
"2019","A01","Annual",NA,"124","CXUREADINGLB0408M","08","READING",NA,NA
"2018","A01","Annual",NA,"177","CXUREADINGLB0408M","08","READING",NA,NA
"2017","A01","Annual",NA,"136","CXUREADINGLB0408M","08","READING",NA,NA
"2016","A01","Annual",NA,"172","CXUREADINGLB0408M","08","READING",NA,NA
"2015","A01","Annual",NA,"157","CXUREADINGLB0408M","08","READING",NA,NA
"2022","A01","Annual","true","159","CXUREADINGLB0409M","09","READING",NA,NA
"2021","A01","Annual",NA,"139","CXUREADINGLB0409M","09","READING",NA,NA
"2020","A01","Annual",NA,"196","CXUREADINGLB0409M","09","READING",NA,NA
"2019","A01","Annual",NA,"159","CXUREADINGLB0409M","09","READING",NA,NA
"2018","A01","Annual",NA,"148","CXUREADINGLB0409M","09","READING",NA,NA
"2017","A01","Annual",NA,"164","CXUREADINGLB0409M","09","READING",NA,NA
"2016","A01","Annual",NA,"175","CXUREADINGLB0409M","09","READING",NA,NA
"2015","A01","Annual",NA,"199","CXUREADINGLB0409M","09","READING",NA,NA
"2022","A01","Annual","true","371","CXUTOBACCOLB0401M","01","TOBACCO",NA,NA
"2021","A01","Annual",NA,"341","CXUTOBACCOLB0401M","01","TOBACCO",NA,NA
"2020","A01","Annual",NA,"315","CXUTOBACCOLB0401M","01","TOBACCO",NA,NA
"2019","A01","Annual",NA,"320","CXUTOBACCOLB0401M","01","TOBACCO",NA,NA
"2018","A01","Annual",NA,"347","CXUTOBACCOLB0401M","01","TOBACCO",NA,NA
"2017","A01","Annual",NA,"332","CXUTOBACCOLB0401M","01","TOBACCO",NA,NA
"2016","A01","Annual",NA,"337","CXUTOBACCOLB0401M","01","TOBACCO",NA,NA
"2015","A01","Annual",NA,"349","CXUTOBACCOLB0401M","01","TOBACCO",NA,NA
"2022","A01","Annual","true","226","CXUTOBACCOLB0402M","02","TOBACCO",NA,NA
"2021","A01","Annual",NA,"215","CXUTOBACCOLB0402M","02","TOBACCO",NA,NA
"2020","A01","Annual",NA,"237","CXUTOBACCOLB0402M","02","TOBACCO",NA,NA
"2019","A01","Annual",NA,"186","CXUTOBACCOLB0402M","02","TOBACCO",NA,NA
"2018","A01","Annual",NA,"228","CXUTOBACCOLB0402M","02","TOBACCO",NA,NA
"2017","A01","Annual",NA,"220","CXUTOBACCOLB0402M","02","TOBACCO",NA,NA
"2016","A01","Annual",NA,"308","CXUTOBACCOLB0402M","02","TOBACCO",NA,NA
"2015","A01","Annual",NA,"230","CXUTOBACCOLB0402M","02","TOBACCO",NA,NA
"2022","A01","Annual","true","277","CXUTOBACCOLB0403M","03","TOBACCO",NA,NA
"2021","A01","Annual",NA,"347","CXUTOBACCOLB0403M","03","TOBACCO",NA,NA
"2020","A01","Annual",NA,"293","CXUTOBACCOLB0403M","03","TOBACCO",NA,NA
"2019","A01","Annual",NA,"341","CXUTOBACCOLB0403M","03","TOBACCO",NA,NA
"2018","A01","Annual",NA,"337","CXUTOBACCOLB0403M","03","TOBACCO",NA,NA
"2017","A01","Annual",NA,"323","CXUTOBACCOLB0403M","03","TOBACCO",NA,NA
"2016","A01","Annual",NA,"305","CXUTOBACCOLB0403M","03","TOBACCO",NA,NA
"2015","A01","Annual",NA,"364","CXUTOBACCOLB0403M","03","TOBACCO",NA,NA
"2022","A01","Annual","true","440","CXUTOBACCOLB0404M","04","TOBACCO",NA,NA
"2021","A01","Annual",NA,"399","CXUTOBACCOLB0404M","04","TOBACCO",NA,NA
"2020","A01","Annual",NA,"349","CXUTOBACCOLB0404M","04","TOBACCO",NA,NA
"2019","A01","Annual",NA,"359","CXUTOBACCOLB0404M","04","TOBACCO",NA,NA
"2018","A01","Annual",NA,"408","CXUTOBACCOLB0404M","04","TOBACCO",NA,NA
"2017","A01","Annual",NA,"366","CXUTOBACCOLB0404M","04","TOBACCO",NA,NA
"2016","A01","Annual",NA,"370","CXUTOBACCOLB0404M","04","TOBACCO",NA,NA
"2015","A01","Annual",NA,"383","CXUTOBACCOLB0404M","04","TOBACCO",NA,NA
"2022","A01","Annual","true","427","CXUTOBACCOLB0405M","05","TOBACCO",NA,NA
"2021","A01","Annual",NA,"370","CXUTOBACCOLB0405M","05","TOBACCO",NA,NA
"2020","A01","Annual",NA,"408","CXUTOBACCOLB0405M","05","TOBACCO",NA,NA
"2019","A01","Annual",NA,"374","CXUTOBACCOLB0405M","05","TOBACCO",NA,NA
"2018","A01","Annual",NA,"437","CXUTOBACCOLB0405M","05","TOBACCO",NA,NA
"2017","A01","Annual",NA,"410","CXUTOBACCOLB0405M","05","TOBACCO",NA,NA
"2016","A01","Annual",NA,"441","CXUTOBACCOLB0405M","05","TOBACCO",NA,NA
"2015","A01","Annual",NA,"465","CXUTOBACCOLB0405M","05","TOBACCO",NA,NA
"2022","A01","Annual","true","541","CXUTOBACCOLB0406M","06","TOBACCO",NA,NA
"2021","A01","Annual",NA,"469","CXUTOBACCOLB0406M","06","TOBACCO",NA,NA
"2020","A01","Annual",NA,"385","CXUTOBACCOLB0406M","06","TOBACCO",NA,NA
"2019","A01","Annual",NA,"399","CXUTOBACCOLB0406M","06","TOBACCO",NA,NA
"2018","A01","Annual",NA,"454","CXUTOBACCOLB0406M","06","TOBACCO",NA,NA
"2017","A01","Annual",NA,"418","CXUTOBACCOLB0406M","06","TOBACCO",NA,NA
"2016","A01","Annual",NA,"420","CXUTOBACCOLB0406M","06","TOBACCO",NA,NA
"2015","A01","Annual",NA,"401","CXUTOBACCOLB0406M","06","TOBACCO",NA,NA
"2022","A01","Annual","true","261","CXUTOBACCOLB0407M","07","TOBACCO",NA,NA
"2021","A01","Annual",NA,"219","CXUTOBACCOLB0407M","07","TOBACCO",NA,NA
"2020","A01","Annual",NA,"207","CXUTOBACCOLB0407M","07","TOBACCO",NA,NA
"2019","A01","Annual",NA,"219","CXUTOBACCOLB0407M","07","TOBACCO",NA,NA
"2018","A01","Annual",NA,"196","CXUTOBACCOLB0407M","07","TOBACCO",NA,NA
"2017","A01","Annual",NA,"219","CXUTOBACCOLB0407M","07","TOBACCO",NA,NA
"2016","A01","Annual",NA,"198","CXUTOBACCOLB0407M","07","TOBACCO",NA,NA
"2015","A01","Annual",NA,"209","CXUTOBACCOLB0407M","07","TOBACCO",NA,NA
"2022","A01","Annual","true","334","CXUTOBACCOLB0408M","08","TOBACCO",NA,NA
"2021","A01","Annual",NA,"281","CXUTOBACCOLB0408M","08","TOBACCO",NA,NA
"2020","A01","Annual",NA,"272","CXUTOBACCOLB0408M","08","TOBACCO",NA,NA
"2019","A01","Annual",NA,"285","CXUTOBACCOLB0408M","08","TOBACCO",NA,NA
"2018","A01","Annual",NA,"246","CXUTOBACCOLB0408M","08","TOBACCO",NA,NA
"2017","A01","Annual",NA,"285","CXUTOBACCOLB0408M","08","TOBACCO",NA,NA
"2016","A01","Annual",NA,"247","CXUTOBACCOLB0408M","08","TOBACCO",NA,NA
"2015","A01","Annual",NA,"259","CXUTOBACCOLB0408M","08","TOBACCO",NA,NA
"2022","A01","Annual","true","158","CXUTOBACCOLB0409M","09","TOBACCO",NA,NA
"2021","A01","Annual",NA,"128","CXUTOBACCOLB0409M","09","TOBACCO",NA,NA
"2020","A01","Annual",NA,"117","CXUTOBACCOLB0409M","09","TOBACCO",NA,NA
"2019","A01","Annual",NA,"130","CXUTOBACCOLB0409M","09","TOBACCO",NA,NA
"2018","A01","Annual",NA,"126","CXUTOBACCOLB0409M","09","TOBACCO",NA,NA
"2017","A01","Annual",NA,"126","CXUTOBACCOLB0409M","09","TOBACCO",NA,NA
"2016","A01","Annual",NA,"130","CXUTOBACCOLB0409M","09","TOBACCO",NA,NA
"2015","A01","Annual",NA,"142","CXUTOBACCOLB0409M","09","TOBACCO",NA,NA
"2022","A01","Annual","true","72967","CXUTOTALEXPLB0401M","01","TOTALEXP",NA,NA
"2021","A01","Annual",NA,"66928","CXUTOTALEXPLB0401M","01","TOTALEXP",NA,NA
"2020","A01","Annual",NA,"61332","CXUTOTALEXPLB0401M","01","TOTALEXP",NA,NA
"2019","A01","Annual",NA,"63036","CXUTOTALEXPLB0401M","01","TOTALEXP",NA,NA
"2018","A01","Annual",NA,"61224","CXUTOTALEXPLB0401M","01","TOTALEXP",NA,NA
"2017","A01","Annual",NA,"60060","CXUTOTALEXPLB0401M","01","TOTALEXP",NA,NA
"2016","A01","Annual",NA,"57311","CXUTOTALEXPLB0401M","01","TOTALEXP",NA,NA
"2015","A01","Annual",NA,"55978","CXUTOTALEXPLB0401M","01","TOTALEXP",NA,NA
"2022","A01","Annual","true","46359","CXUTOTALEXPLB0402M","02","TOTALEXP",NA,NA
"2021","A01","Annual",NA,"42063","CXUTOTALEXPLB0402M","02","TOTALEXP",NA,NA
"2020","A01","Annual",NA,"38075","CXUTOTALEXPLB0402M","02","TOTALEXP",NA,NA
"2019","A01","Annual",NA,"39293","CXUTOTALEXPLB0402M","02","TOTALEXP",NA,NA
"2018","A01","Annual",NA,"32039","CXUTOTALEXPLB0402M","02","TOTALEXP",NA,NA
"2017","A01","Annual",NA,"33629","CXUTOTALEXPLB0402M","02","TOTALEXP",NA,NA
"2016","A01","Annual",NA,"34438","CXUTOTALEXPLB0402M","02","TOTALEXP",NA,NA
"2015","A01","Annual",NA,"32797","CXUTOTALEXPLB0402M","02","TOTALEXP",NA,NA
"2022","A01","Annual","true","67883","CXUTOTALEXPLB0403M","03","TOTALEXP",NA,NA
"2021","A01","Annual",NA,"63905","CXUTOTALEXPLB0403M","03","TOTALEXP",NA,NA
"2020","A01","Annual",NA,"57644","CXUTOTALEXPLB0403M","03","TOTALEXP",NA,NA
"2019","A01","Annual",NA,"57128","CXUTOTALEXPLB0403M","03","TOTALEXP",NA,NA
"2018","A01","Annual",NA,"56457","CXUTOTALEXPLB0403M","03","TOTALEXP",NA,NA
"2017","A01","Annual",NA,"55325","CXUTOTALEXPLB0403M","03","TOTALEXP",NA,NA
"2016","A01","Annual",NA,"52838","CXUTOTALEXPLB0403M","03","TOTALEXP",NA,NA
"2015","A01","Annual",NA,"52062","CXUTOTALEXPLB0403M","03","TOTALEXP",NA,NA
"2022","A01","Annual","true","86049","CXUTOTALEXPLB0404M","04","TOTALEXP",NA,NA
"2021","A01","Annual",NA,"79712","CXUTOTALEXPLB0404M","04","TOTALEXP",NA,NA
"2020","A01","Annual",NA,"74161","CXUTOTALEXPLB0404M","04","TOTALEXP",NA,NA
"2019","A01","Annual",NA,"74890","CXUTOTALEXPLB0404M","04","TOTALEXP",NA,NA
"2018","A01","Annual",NA,"71198","CXUTOTALEXPLB0404M","04","TOTALEXP",NA,NA
"2017","A01","Annual",NA,"69034","CXUTOTALEXPLB0404M","04","TOTALEXP",NA,NA
"2016","A01","Annual",NA,"66444","CXUTOTALEXPLB0404M","04","TOTALEXP",NA,NA
"2015","A01","Annual",NA,"65334","CXUTOTALEXPLB0404M","04","TOTALEXP",NA,NA
"2022","A01","Annual","true","91074","CXUTOTALEXPLB0405M","05","TOTALEXP",NA,NA
"2021","A01","Annual",NA,"83854","CXUTOTALEXPLB0405M","05","TOTALEXP",NA,NA
"2020","A01","Annual",NA,"74791","CXUTOTALEXPLB0405M","05","TOTALEXP",NA,NA
"2019","A01","Annual",NA,"77356","CXUTOTALEXPLB0405M","05","TOTALEXP",NA,NA
"2018","A01","Annual",NA,"75387","CXUTOTALEXPLB0405M","05","TOTALEXP",NA,NA
"2017","A01","Annual",NA,"73905","CXUTOTALEXPLB0405M","05","TOTALEXP",NA,NA
"2016","A01","Annual",NA,"71166","CXUTOTALEXPLB0405M","05","TOTALEXP",NA,NA
"2015","A01","Annual",NA,"69753","CXUTOTALEXPLB0405M","05","TOTALEXP",NA,NA
"2022","A01","Annual","true","78079","CXUTOTALEXPLB0406M","06","TOTALEXP",NA,NA
"2021","A01","Annual",NA,"70570","CXUTOTALEXPLB0406M","06","TOTALEXP",NA,NA
"2020","A01","Annual",NA,"64918","CXUTOTALEXPLB0406M","06","TOTALEXP",NA,NA
"2019","A01","Annual",NA,"69494","CXUTOTALEXPLB0406M","06","TOTALEXP",NA,NA
"2018","A01","Annual",NA,"66212","CXUTOTALEXPLB0406M","06","TOTALEXP",NA,NA
"2017","A01","Annual",NA,"64972","CXUTOTALEXPLB0406M","06","TOTALEXP",NA,NA
"2016","A01","Annual",NA,"61346","CXUTOTALEXPLB0406M","06","TOTALEXP",NA,NA
"2015","A01","Annual",NA,"58781","CXUTOTALEXPLB0406M","06","TOTALEXP",NA,NA
"2022","A01","Annual","true","57818","CXUTOTALEXPLB0407M","07","TOTALEXP",NA,NA
"2021","A01","Annual",NA,"52141","CXUTOTALEXPLB0407M","07","TOTALEXP",NA,NA
"2020","A01","Annual",NA,"47573","CXUTOTALEXPLB0407M","07","TOTALEXP",NA,NA
"2019","A01","Annual",NA,"50220","CXUTOTALEXPLB0407M","07","TOTALEXP",NA,NA
"2018","A01","Annual",NA,"50860","CXUTOTALEXPLB0407M","07","TOTALEXP",NA,NA
"2017","A01","Annual",NA,"49542","CXUTOTALEXPLB0407M","07","TOTALEXP",NA,NA
"2016","A01","Annual",NA,"45756","CXUTOTALEXPLB0407M","07","TOTALEXP",NA,NA
"2015","A01","Annual",NA,"44664","CXUTOTALEXPLB0407M","07","TOTALEXP",NA,NA
"2022","A01","Annual","true","60844","CXUTOTALEXPLB0408M","08","TOTALEXP",NA,NA
"2021","A01","Annual",NA,"56435","CXUTOTALEXPLB0408M","08","TOTALEXP",NA,NA
"2020","A01","Annual",NA,"52364","CXUTOTALEXPLB0408M","08","TOTALEXP",NA,NA
"2019","A01","Annual",NA,"55087","CXUTOTALEXPLB0408M","08","TOTALEXP",NA,NA
"2018","A01","Annual",NA,"56268","CXUTOTALEXPLB0408M","08","TOTALEXP",NA,NA
"2017","A01","Annual",NA,"54997","CXUTOTALEXPLB0408M","08","TOTALEXP",NA,NA
"2016","A01","Annual",NA,"50873","CXUTOTALEXPLB0408M","08","TOTALEXP",NA,NA
"2015","A01","Annual",NA,"49477","CXUTOTALEXPLB0408M","08","TOTALEXP",NA,NA
"2022","A01","Annual","true","53481","CXUTOTALEXPLB0409M","09","TOTALEXP",NA,NA
"2021","A01","Annual",NA,"45820","CXUTOTALEXPLB0409M","09","TOTALEXP",NA,NA
"2020","A01","Annual",NA,"40814","CXUTOTALEXPLB0409M","09","TOTALEXP",NA,NA
"2019","A01","Annual",NA,"43623","CXUTOTALEXPLB0409M","09","TOTALEXP",NA,NA
"2018","A01","Annual",NA,"43181","CXUTOTALEXPLB0409M","09","TOTALEXP",NA,NA
"2017","A01","Annual",NA,"41849","CXUTOTALEXPLB0409M","09","TOTALEXP",NA,NA
"2016","A01","Annual",NA,"38691","CXUTOTALEXPLB0409M","09","TOTALEXP",NA,NA
"2015","A01","Annual",NA,"38123","CXUTOTALEXPLB0409M","09","TOTALEXP",NA,NA
"2022","A01","Annual","true","12295","CXUTRANSLB0401M","01","TRANS",NA,NA
"2021","A01","Annual",NA,"10961","CXUTRANSLB0401M","01","TRANS",NA,NA
"2020","A01","Annual",NA,"9826","CXUTRANSLB0401M","01","TRANS",NA,NA
"2019","A01","Annual",NA,"10742","CXUTRANSLB0401M","01","TRANS",NA,NA
"2018","A01","Annual",NA,"9761","CXUTRANSLB0401M","01","TRANS",NA,NA
"2017","A01","Annual",NA,"9576","CXUTRANSLB0401M","01","TRANS",NA,NA
"2016","A01","Annual",NA,"9049","CXUTRANSLB0401M","01","TRANS",NA,NA
"2015","A01","Annual",NA,"9503","CXUTRANSLB0401M","01","TRANS",NA,NA
"2022","A01","Annual","true","9583","CXUTRANSLB0402M","02","TRANS",NA,NA
"2021","A01","Annual",NA,"7985","CXUTRANSLB0402M","02","TRANS",NA,NA
"2020","A01","Annual",NA,"7300","CXUTRANSLB0402M","02","TRANS",NA,NA
"2019","A01","Annual",NA,"8305","CXUTRANSLB0402M","02","TRANS",NA,NA
"2018","A01","Annual",NA,"5526","CXUTRANSLB0402M","02","TRANS",NA,NA
"2017","A01","Annual",NA,"6655","CXUTRANSLB0402M","02","TRANS",NA,NA
"2016","A01","Annual",NA,"6042","CXUTRANSLB0402M","02","TRANS",NA,NA
"2015","A01","Annual",NA,"6320","CXUTRANSLB0402M","02","TRANS",NA,NA
"2022","A01","Annual","true","12089","CXUTRANSLB0403M","03","TRANS",NA,NA
"2021","A01","Annual",NA,"11709","CXUTRANSLB0403M","03","TRANS",NA,NA
"2020","A01","Annual",NA,"10277","CXUTRANSLB0403M","03","TRANS",NA,NA
"2019","A01","Annual",NA,"10296","CXUTRANSLB0403M","03","TRANS",NA,NA
"2018","A01","Annual",NA,"10307","CXUTRANSLB0403M","03","TRANS",NA,NA
"2017","A01","Annual",NA,"9115","CXUTRANSLB0403M","03","TRANS",NA,NA
"2016","A01","Annual",NA,"9124","CXUTRANSLB0403M","03","TRANS",NA,NA
"2015","A01","Annual",NA,"9777","CXUTRANSLB0403M","03","TRANS",NA,NA
"2022","A01","Annual","true","15220","CXUTRANSLB0404M","04","TRANS",NA,NA
"2021","A01","Annual",NA,"14302","CXUTRANSLB0404M","04","TRANS",NA,NA
"2020","A01","Annual",NA,"12617","CXUTRANSLB0404M","04","TRANS",NA,NA
"2019","A01","Annual",NA,"13685","CXUTRANSLB0404M","04","TRANS",NA,NA
"2018","A01","Annual",NA,"11840","CXUTRANSLB0404M","04","TRANS",NA,NA
"2017","A01","Annual",NA,"11054","CXUTRANSLB0404M","04","TRANS",NA,NA
"2016","A01","Annual",NA,"10352","CXUTRANSLB0404M","04","TRANS",NA,NA
"2015","A01","Annual",NA,"10945","CXUTRANSLB0404M","04","TRANS",NA,NA
"2022","A01","Annual","true","15619","CXUTRANSLB0405M","05","TRANS",NA,NA
"2021","A01","Annual",NA,"13875","CXUTRANSLB0405M","05","TRANS",NA,NA
"2020","A01","Annual",NA,"12316","CXUTRANSLB0405M","05","TRANS",NA,NA
"2019","A01","Annual",NA,"13351","CXUTRANSLB0405M","05","TRANS",NA,NA
"2018","A01","Annual",NA,"11521","CXUTRANSLB0405M","05","TRANS",NA,NA
"2017","A01","Annual",NA,"11755","CXUTRANSLB0405M","05","TRANS",NA,NA
"2016","A01","Annual",NA,"10992","CXUTRANSLB0405M","05","TRANS",NA,NA
"2015","A01","Annual",NA,"11781","CXUTRANSLB0405M","05","TRANS",NA,NA
"2022","A01","Annual","true","13596","CXUTRANSLB0406M","06","TRANS",NA,NA
"2021","A01","Annual",NA,"10936","CXUTRANSLB0406M","06","TRANS",NA,NA
"2020","A01","Annual",NA,"10287","CXUTRANSLB0406M","06","TRANS",NA,NA
"2019","A01","Annual",NA,"11380","CXUTRANSLB0406M","06","TRANS",NA,NA
"2018","A01","Annual",NA,"10444","CXUTRANSLB0406M","06","TRANS",NA,NA
"2017","A01","Annual",NA,"10185","CXUTRANSLB0406M","06","TRANS",NA,NA
"2016","A01","Annual",NA,"9727","CXUTRANSLB0406M","06","TRANS",NA,NA
"2015","A01","Annual",NA,"10024","CXUTRANSLB0406M","06","TRANS",NA,NA
"2022","A01","Annual","true","8172","CXUTRANSLB0407M","07","TRANS",NA,NA
"2021","A01","Annual",NA,"7160","CXUTRANSLB0407M","07","TRANS",NA,NA
"2020","A01","Annual",NA,"6221","CXUTRANSLB0407M","07","TRANS",NA,NA
"2019","A01","Annual",NA,"7492","CXUTRANSLB0407M","07","TRANS",NA,NA
"2018","A01","Annual",NA,"7270","CXUTRANSLB0407M","07","TRANS",NA,NA
"2017","A01","Annual",NA,"7513","CXUTRANSLB0407M","07","TRANS",NA,NA
"2016","A01","Annual",NA,"6814","CXUTRANSLB0407M","07","TRANS",NA,NA
"2015","A01","Annual",NA,"6846","CXUTRANSLB0407M","07","TRANS",NA,NA
"2022","A01","Annual","true","9550","CXUTRANSLB0408M","08","TRANS",NA,NA
"2021","A01","Annual",NA,"8356","CXUTRANSLB0408M","08","TRANS",NA,NA
"2020","A01","Annual",NA,"7676","CXUTRANSLB0408M","08","TRANS",NA,NA
"2019","A01","Annual",NA,"8640","CXUTRANSLB0408M","08","TRANS",NA,NA
"2018","A01","Annual",NA,"8810","CXUTRANSLB0408M","08","TRANS",NA,NA
"2017","A01","Annual",NA,"8939","CXUTRANSLB0408M","08","TRANS",NA,NA
"2016","A01","Annual",NA,"8420","CXUTRANSLB0408M","08","TRANS",NA,NA
"2015","A01","Annual",NA,"8028","CXUTRANSLB0408M","08","TRANS",NA,NA
"2022","A01","Annual","true","6209","CXUTRANSLB0409M","09","TRANS",NA,NA
"2021","A01","Annual",NA,"5392","CXUTRANSLB0409M","09","TRANS",NA,NA
"2020","A01","Annual",NA,"4205","CXUTRANSLB0409M","09","TRANS",NA,NA
"2019","A01","Annual",NA,"5960","CXUTRANSLB0409M","09","TRANS",NA,NA
"2018","A01","Annual",NA,"5098","CXUTRANSLB0409M","09","TRANS",NA,NA
"2017","A01","Annual",NA,"5519","CXUTRANSLB0409M","09","TRANS",NA,NA
"2016","A01","Annual",NA,"4583","CXUTRANSLB0409M","09","TRANS",NA,NA
"2015","A01","Annual",NA,"5228","CXUTRANSLB0409M","09","TRANS",NA,NA
